species_lims_code,lims_code,description
ALBATROSS,BLACK_BROWED_ALBATROSS,Black Browed Albatross
ALPACA,ALPACA,Alpaca
ANTELOPE,BLACK_BUCK_ANTELOPE,Black Buck Antelope
ANTELOPE,LECHWE_ANTELOPE,Lechwe Antelope
ANTELOPE,LESSER_KUDU_ANTELOPE,Lesser Kudu Antelope
ANTELOPE,ROAN_ANTELOPE,Roan Antelope
ANTELOPE,SABLE_ANTELOPE,Sable Antelope
AUK,LITTLE_AUK,Little Auk
AVIAN_FARMED,ZZA_AV_FARMED_MIXED,Mixed Avian Farmed
AVIAN_FARMED,ZZB_AV_FARMED_UNLIST,Unlisted Avian Farmed
AVIAN_FARMED,ZZC_AV_FARMED_UNSPECIFIED,Unspec.Avian Farmed
AVIAN_FARMED_GAME_BIRDS,ZZA_AV_FARMED_G_MIXED,Mixed Avian Farmed Game Birds
AVIAN_FARMED_GAME_BIRDS,ZZB_AV_FARMED_G_UNLIST,Unlisted Avian Farmed Game Birds
AVIAN_FARMED_GAME_BIRDS,ZZC_AV_FARMED_G_UNSPECIFIED,Unspec.Avian Farmed Game Birds
AVIAN_OTHER,AV_OTHER,Other Avian
AVIAN_OTHER_ORIGIN,AV_OTHER_O,Avian Other Origin
AVIAN_PSITTACINE,AV_PSIT,Avian Psittacine
AVOCET,AVOCET,Avocet
BADGER,BADGER,Badger
BAT,BARBASTELLE_BAT,Barbastelle Bat
BAT,BECHSTEINS_BAT,Bechsteins Bat
BAT,BRANDTS_BAT,Brandts Bat
BAT,BROWN_LONG_EARED_BAT,Brown Long Eared Bat
BAT,DAUBENTONS_BAT,Daubentons Bat
BAT,FRUIT_BAT,Fruit Bat
BAT,GREATER_HORSESHOE_BAT,Greater Horseshoe Bat
BAT,GREY_LONG_EARED_BAT,Grey Long Eared Bat
BAT,LEISLERS_BAT,Leislers Bat
BAT,LESSER_HORSESHOE_BAT,Lesser Horseshoe Bat
BAT,LIVINGSTONE_BAT,Livingstone's Fruit Bat
BAT,ZZA_BAT_MIXED,Mixed Bat
BAT,MOUSE_EARED_BAT,Mouse Eared Bat
BAT,NATHUSIUS_PIPISTRELLE_BAT,Nathusius's Pipistrelle Bat
BAT,NOCTULE_BAT,Noctule Bat
BAT,PIPISTRELLE_BAT,Pipistrelle Bat
BAT,RODRIGUES_BAT,Rodrigues Fruit Bat
BAT,SEBAS_BAT,Sebas Bat
BAT,SEROTINE_BAT,Serotine Bat
BAT,SOPRANO_PIPISTRELLE_BAT,Soprano Pipistrelle Bat
BAT,ZZB_BAT_UNLIST,Unlisted Bat
BAT,ZZC_BAT_UNSPECIFIED,Unspec.Bat
BAT,WHISKERED_BAT,Whiskered Bat
BAT,WHISKERED_BRANDTS_BAT,Whiskered/Brandt's Bat
BEAR,BROWN_BEAR,Brown Bear
BEAVER,BEAVER,Beaver
BIRD_OF_PREY,BIRD_OF_PREY,Bird of Prey
BISON,BISON_CANADIAN,Canadian Bison
BISON,ZZC_BISON_UNSPECIFIED,Unspec.Bison
BITTERN,BITTERN,Bittern
BUDGERIGAR,BUDGERIGAR,Budgerigar
BUFFALO,CONGO_BUFFALO,Congo Buffalo
BUFFALO,ZZA_BUFFALO_MIXED,Mixed Buffalo
BUFFALO,ZZB_BUFFALO_UNLIST,Unlisted Buffalo
BUFFALO,ZZC_BUFFALO_UNSPECIFIED,Unspec.Buffalo
BUFFALO,WATER_BUFFALO,Water Buffalo
BULBUL,BULBUL,Bulbul
BUNTING,CIRL_BUNTING,Cirl Bunting
BUNTING,CORN_BUNTING,Corn Bunting
BUNTING,ZZA_BUNTING_MIXED,Mixed Bunting
BUNTING,REED_BUNTING,Reed Bunting
BUNTING,SNOW_BUNTING,Snow Bunting
BUNTING,ZZB_BUNTING_UNLIST,Unlisted Bunting
BUNTING,ZZC_BUNTING_UNSPECIFIED,Unspec.Bunting
BUNTING,YELLOWHAMMER,Yellowhammer
BUSTARD,GREAT_BUSTARD,Great Bustard
BUSTARD,HEUGLINS_BUSTARD,Heuglin's Bustard
BUSTARD,HOUBARA,Houbara
BUSTARD,KORI_BUSTARD,Kori Bustard
BUSTARD,LITTLE_BUSTARD,Little Bustard
BUSTARD,ZZA_BUSTARD_MIXED,Mixed Bustard
BUSTARD,ZZB_BUSTARD_UNLIST,Unlisted Bustard
BUSTARD,ZZC_BUSTARD_UNSPECIFIED,Unspec.Bustard
BUSTARD,WHITE_BELLIED_BUSTARD,White-bellied Bustard
BUZZARD,BUZZARD,Buzzard
BUZZARD,HONEY_BUZZARD,Honey Buzzard
BUZZARD,ZZA_BUZZARD_MIXED,Mixed Buzzard
BUZZARD,ZZB_BUZZARD_UNLIST,Unlisted Buzzard
BUZZARD,ZZC_BUZZARD_UNSPECIFIED,Unspec.Buzzard
CAMEL,BACTRIAN_CAMEL,Bactrian Camel
CAMEL,DROMEDARY_CAMEL,Dromedary Camel
CAMEL,ZZA_CAMEL_MIXED,Mixed Camel
CAMEL,ZZB_CAMEL_UNLIST,Unlisted Camel
CAMEL,ZZC_CAMEL_UNSPECIFIED,Unspec.Camel
CANARY,CANARY,Canary
CASSOWARY,CASUARIUS,Casuarius unappendiculatas
CAT,ABYSSINIAN,Abyssinian
CAT,AMERICAN_BOBTAIL,American Bobtail
CAT,AMERICAN_CURL,American Curl
CAT,AMERICAN_SHORTHAIR,American Shorthair
CAT,ANGORA_CAT,Angora Cat
CAT,ARABIAN_MAU_CAT,Arabian Mau Cat
CAT,ASIAN,Asian
CAT,AUSTRALIAN_MIST,Australian Mist Cat (Spotted Mist)
CAT,BALINESE,Balinese
CAT,BENGAL,Bengal
CAT,BIRMAN,Birman
CAT,BOMBAY,Bombay
CAT,BRITISH-BLUE,British Blue
CAT,BRITISH_LONGHAIR,British Longhair
CAT,BRITISH_SHORTHAIR,British Shorthair
CAT,BURMESE,Burmese
CAT,BURMESE-SHORT-HAIR,Burmese Short Hair
CAT,BURMILLA,Burmilla
CAT,CAUSIE,Causie
CAT,CHARTREUX,Chartreux
CAT,CHINCHILLA,Chinchilla
CAT,CHINCILLA,Cincilla
CAT,CORNISH_REX,Cornish Rex
CAT,DEVON_REX,Devon Rex
CAT,DOMESTIC-LONG-HAIR,Domestic Long Hair
CAT,DOMESTIC_MEDIUM_HAIR,Domestic Medium Hair Cat
CAT,DOMESTIC-SHORT-HAIR,Domestic Short Hair
CAT,DONSKOY,Donskoy
CAT,DRAGON_LI,Dragon Li
CAT,EGYPTIAN_MAU,Egyptian Mau
CAT,EUROPEAN,European
CAT,EXOTIC,Exotic
CAT,EXOTIC_SHORTHAIR,Exotic Shorthair
CAT,HIGHLAND_FOLD,Highland Fold Cat
CAT,HIMALAYAN,Himalayan
CAT,JAPANESE_BOBTAIL,Japanese Bobtail
CAT,KORAT,Korat
CAT,KURILIAN,Kurilian
CAT,LAPERM,Laperm
CAT,MAINE_COON,Maine Coon
CAT,MAINE_COON_CROSS,Maine Coon Cross
CAT,MANX,Manx
CAT,MINISKIN,Miniskin
CAT,ZZA_CAT_MIXED,Mixed Cat
CAT,MIXED_BREED,Mixed Cat breeds
CAT,MUNCHKIN,Munchkin
CAT,NEBLUNG,Nebelung
CAT,NORWEGION_FOREST_CAT,Norwegian Forest Cat
CAT,OCICAT,Ocicat
CAT,OJOS_AZULES,Ojos Azules
CAT,ORIENTAL,Oriental
CAT,ORIENTAL-BLACK,Oriental Black
CAT,ORIENTAL-LILAC,Oriental Lilac
CAT,ORIENTAL_LONGHAIR,Oriental Longhair
CAT,ORIENTAL_SHORTHAIR,Oriental Shorthair
CAT,ORIENTAL-TABBY,Oriental Tabby
CAT,PERSIAN_CAT,Persian Cat
CAT,PERSIAN-MIXED,Persian Mixed Cat
CAT,PETERBALD,Peterbald
CAT,PIXIEBOB,Pixiebob
CAT,RAGDOLL,Ragdoll
CAT,RUSSIAN-BLUE,Russian Blue
CAT,SCOTTISH_FOLD,Scottish Fold Cat
CAT,SELKIRK_REX,Selkirk Rex
CAT,SERENGETI,Serengeti
CAT,SIAMESE_CAT,Siamese Cat
CAT,SIBERIAN,Siberian
CAT,SINGAPURA,Singapura
CAT,SNOWSHOE,Snowshoe
CAT,SOKOKE,Sokoke
CAT,SOMALI,Somali
CAT,SPHYNX,Sphynx
CAT,THAI,Thai
CAT,TIFFANIE,Tiffanie
CAT,TONKINESE,Tonkinese
CAT,TOYGER,Toyger
CAT,TURKISH_ANGORA,Turkish Angora
CAT,TURKISH_VAN,Turkish Van
CAT,TURKISH_VANKEDISI,Turkish Vankedisi
CAT,ZZB_CAT_UNLIST,Unlisted Cat
CAT,ZZC_CAT_UNSPECIFIED,Unspec.Cat
CATTLE,ABERDEEN_ANGUS,Aberdeen Angus
CATTLE,ABERDEEN_ANGUS_X,Aberdeen Angus Cross
CATTLE,ANGELN_CATTLE,Angeln Cattle
CATTLE,ANKOLE,Ankole
CATTLE,AYRSHIRE,Ayrshire
CATTLE,AYRSHIRE_CROSS,Ayrshire Cross
CATTLE,BARZONA,Barzona
CATTLE,BARZONA_X,Barzona Cross
CATTLE,BEEFALO,Beefalo
CATTLE,BEEFMASTER,Beefmaster
CATTLE,BELGIAN_BLUE,Belgian Blue
CATTLE,BELGIAN_BLUE_AND_WHITE,Belgian Blue And White
CATTLE,BELGIAN_BLUE_WHITE_X,Belgian Blue And White Cross
CATTLE,BELGIAN_BLUE_X,Belgian Blue Cross
CATTLE,BELTED_GALLOWAY,Belted Galloway
CATTLE,BLACK_AND_WHITE,Black and White
CATTLE,BLONDE_X,Blond Cross
CATTLE,BLOND_WALDVIERTEL,Blond Waldviertel
CATTLE,BLONDE_DAQUITAINE,Blonde D'Aquitaine
CATTLE,BLONDE-DAQUITANE-X,Blonde D'Aquitaine X
CATTLE,BORAN,Boran
CATTLE,BRAHMAN,Brahman
CATTLE,BRANGUS,Brangus
CATTLE,BRITISH_BLUE,British Blue
CATTLE,BRITISH_FRIESIAN,British Friesian
CATTLE,BRITISH_FRIESIAN_X,British Friesian Cross
CATTLE,BRITISH_WHITE,British White
CATTLE,BROWN_SWISS,Brown Swiss
CATTLE,CARINTHIAN_BLOND,Carinthian Blond
CATTLE,CHARBRAY,Charbray
CATTLE,CHAROLAIS,Charolais
CATTLE,CHAROLAIS_X,Charolais Cross
CATTLE,CHIANINA,Chianina
CATTLE,DEVON,Devon
CATTLE,DEXTER,Dexter
CATTLE,DOMESTIC,Domestic
CATTLE,DUN_GALLOWAY,Dun Galloway
CATTLE,DWARF_ZEBU,Dwarf Zebu
CATTLE,ENNSTAL_MOUNTN_SPOTTED,Ennstal Mountain Spotted
CATTLE,ERLINGER,Erlnger
CATTLE,FJAELL,Fjaell
CATTLE,FR,Friesian
CATTLE,FRIESIAN_X,Friesian Cross
CATTLE,GALLOWAY,Galloway
CATTLE,GALLOWAY_X,Galloway Cross
CATTLE,GELBVICH,Gelbvich
CATTLE,GERMAN_ANGUS,German Angus
CATTLE,GERMAN_YELL_FRANCONIAN,German Yellow Franconian
CATTLE,GLAN,Glan
CATTLE,GLOUCESTER,Gloucester
CATTLE,GRONINGE_BLAARKOP,Groninge Blaarkop
CATTLE,GUERNSEY,Guernsey
CATTLE,HARZ_RED,Harz Red
CATTLE,HEREFORD,Hereford
CATTLE,HEREFORD_X,Hereford Cross
CATTLE,HIGHLAND,Highland
CATTLE,HINTERWELDER,Hinterwelder
CATTLE,HOLSTEIN,Holstein
CATTLE,HOLSTEIN_X,Holstein Cross
CATTLE,HOLSTEIN_FRIESIAN,Holstein Friesian
CATTLE,HUNGARIAN_STEPPE,Hungarian Steppe
CATTLE,JERSEY,Jersey
CATTLE,JERSEY_X,Jersey Cross
CATTLE,JOCHBERG_HUMMELN,Jochberg Hummeln
CATTLE,LAKENFELDER,Lakenfelder
CATTLE,LIMOUSIN,Limousin
CATTLE,LIMOUSIN_X,Limousin Cross
CATTLE,LIMPURG,Limpurg
CATTLE,LINCOLN_RED,Lincoln Red
CATTLE,LONGHORN,Longhorn
CATTLE,LUING,Luing
CATTLE,MAINE_ANJOU,Maine Anjou
CATTLE,MARCHIGIANA,Marchigiana
CATTLE,MARIE_ANJOU,Marie Anjou
CATTLE,MEUSE_RHINE_ISSEL,Meuse Rhine Issel
CATTLE,ZZA_CATTLE_MIXED,Mixed Cattle
CATTLE,MONTAFON_VORALBERG_BRWN,MontafonVorarlberg Brown
CATTLE,MONTBELIARD_X,Montbeiliard Cross
CATTLE,MONTBELIARD,Montbeliard
CATTLE,MURBODEN,Murboden
CATTLE,MURNAU_WERDENFELS,Murnau Werdenfels
CATTLE,MURRAY_GREY,Murray Grey
CATTLE,NEW_AUROCHS,New Aurochs
CATTLE,NORMANDE,Normande
CATTLE,NORMANDY,Normandy
CATTLE,PIEMONTESE,Piemontese
CATTLE,PINZGAU,Pinzgau
CATTLE,POLISH_RED,Polish Red
CATTLE,POTLOUND,Potlound
CATTLE,PUSRERTAL_SPOTTED,Pusrertal Spotted
CATTLE,RED_AND_WHITE_HOLSTEIN,Red And White Holstein
CATTLE,RED_FRIESIAN,Red Friesian
CATTLE,RED_POLL,Red Poll
CATTLE,ROMAGNOLA,Romagnola
CATTLE,SALERS,Salers
CATTLE,SALERS_X,Salers Cross
CATTLE,SANTA_GERTRUDES,Santa Gertrude's
CATTLE,SCOTCH_HIGHLAND,Scotch Highland
CATTLE,SEMMENTAL,Semmental
CATTLE,SHORTHORN,Shorthorn
CATTLE,SIMMENTAL,Simmental
CATTLE,SIMMENTAL_X,Simmental Cross
CATTLE,SOUTH_DEVON,South Devon
CATTLE,SOUTH_DEVON_X,South Devon Cross
CATTLE,SPOTTED_SIMMENTAL,Spotted (Fieckvieh) Simmental
CATTLE,STABILISER,Stabiliser
CATTLE,STABILISER_X,Stabiliser X
CATTLE,SUSSEX,Sussex
CATTLE,SWEDISH_RED,Swedish Red
CATTLE,SWEDISH_RED_X,Swedish Red Cross
CATTLE,TARANTAISE,Tarantaise
CATTLE,TEXAS_LONGHORN,Texas Leghorn
CATTLE,TUX,Tux
CATTLE,TYROLEAN_GREY,Tyrolean Grey
CATTLE,ZZB_CATTLE_UNLIST,Unlisted Cattle
CATTLE,ZZC_CATTLE_UNSPECIFIED,Unspec.Cattle
CATTLE,VOGELSBERG,Vogelsberg
CATTLE,VORDERWELDER,Vorderwelder
CATTLE,VOSGES,Vosges
CATTLE,WAGYU,Wagyu Cattle
CATTLE,WAGYU_X,Wagyu X Cattle
CATTLE,WELSH_BLACK,Welsh Black
CATTLE,WHITE_PARK_CATTLE,White Park Cattle
CATTLE,WHITEBRED_SHORTHORN,Whitebred Shorthorn
CATTLE,WITTGENSTEIN,Wittgenstein
CATTLE,ZEBU,Zebu
CHAT,ZZA_CHAT_MIXED,Mixed Chat
CHAT,STONECHAT,Stonechat
CHAT,ZZB_CHAT_UNLIST,Unlisted Chat
CHAT,ZZC_CHAT_UNSPECIFIED,Unspec.Chat
CHAT,WHINCHAT,Whinchat
CHICKEN,BANTAM_CHICKEN,Bantam Chicken
CHICKEN,BLACK_COCHIN_CHICKEN,Black Cochin Chicken
CHICKEN,BROWN_LEGHORN_CHICKEN,Brown Leghorn Chicken
CHICKEN,BUFF_ROCK_CHICKEN,Buff Rock Chicken
CHICKEN,CHICKEN,Chicken
CHICKEN,CHINESE_CHICKENS,Chinese Chickens
CHICKEN,COTSWOLD_LEGBAR,Cotswold Legbar Chicken
CHICKEN,DOMESTIC_CHICKEN,Domestic Chicken
CHICKEN,FIGHTING_COCK,Fighting Cock
CHICKEN,INDIAN_GAME_CHICKEN,Indian Game Chicken
CHICKEN,MARAN_CHICKEN,Maran Chicken
CHICKEN,ZZA_CHICKEN_MIXED,Mixed Chicken
CHICKEN,ORPINGTON_CHICKEN,Orpington Chicken
CHICKEN,PEKING_BANTUM_CHICKEN,Peking Bantum Chicken
CHICKEN,RHODE_ISLAND_RED_CHICKEN,Rhode Island Red Chicken
CHICKEN,SILKIE_CHICKEN,Silkie Chicken
CHICKEN,SUSSEX_HEN_CHICKEN,Sussex Hen Chicken
CHICKEN,ZZB_CHICKEN_UNLIST,Unlisted Chicken
CHICKEN,ZZC_CHICKEN_UNSPECIFIED,Unspec.Chicken
COCKATIEL,COCKATIEL,Cockatiel
COCKATIEL,LOVEBIRD_COCKATIEL,Lovebird Cockatiel
COCKATIEL,ZZA_COCKATIEL_MIXED,Mixed Cockatiel
COCKATIEL,ZZB_COCKATIEL_UNLIST,Unlisted Cockatiel
COCKATIEL,ZZC_COCKATIEL_UNSPECIFIED,Unspec.Cockatiel
COCKATOO,BARE_EYED_COCKATOO,Bare Eyed Cockatoo
COCKATOO,BLUE_EYED_COCKATOO,Blue Eyed Cockatoo
COCKATOO,CITRON_CRESTED_COCKATOO,Citron Crested Cockatoo
COCKATOO,COCKATOO,Cockatoo
COCKATOO,DUCORPS_COCKATOO,Ducorps Cockatoo
COCKATOO,GALAH_COCKATOO,Galah Cockatoo
COCKATOO,GOFFINS_COCKATOO,Goffins Cockatoo
COCKATOO,GREAT_WHITE_COCKATOO,Great White Cockatoo
COCKATOO,GREATER_SULPHUR_CREST_COCKATOO,Greater Sulphur Crested Cockatoo
COCKATOO,LEADBEATERS_COCKATOO,Leadbeaters Cockatoo
COCKATOO,LESSER_SULPHUR_CREST_COCKATOO,Lesser Sulphur Crested Cockatoo
COCKATOO,MAJOR_MITCHELL_COCKATOO,Major Mitchell Cockatoo
COCKATOO,ZZA_COCKATOO_MIXED,Mixed Cockatoo
COCKATOO,MOLUCCAN_COCKATOO,Moluccan Cockatoo
COCKATOO,PALM_COCKATOO,Palm Cockatoo
COCKATOO,RED_VENTED_COCKATOO,Red Vented Cockatoo
COCKATOO,ROSEATE_COCKATOO,Roseate Cockatoo
COCKATOO,SULPHUR_CRESTED_COCKATOO,Sulphur Crested Cockatoo
COCKATOO,TRITON_COCKATOO,Triton Cockatoo
COCKATOO,UMBRELLA_COCKATOO,Umbrella Cockatoo
COCKATOO,ZZB_COCKATOO_UNLIST,Unlisted Cockatoo
COCKATOO,ZZC_COCKATOO_UNSPECIFIED,Unspec.Cockatoo
COCKATOO,WHITE_TAIL_BLACK_COCKATOO,White Tailed Black Cockatoo
CONURE,BLACK_CAPPED_CONURE,Black Capped Conure
CONURE,BLUE_CROWNED_CONURE,Blue Crowned Conure
CONURE,CACTUS_CONURE,Cactus Conure
CONURE,DUSKY_HEAD_CONURE,Dusky Head Conure
CONURE,GOLD_CROWNED_CONURE,Gold Crowned Conure
CONURE,GOLDEN_CRESTED_CONURE,Golden Crested Conure
CONURE,GREEN_CHEEKED_CONURE,Green Cheeked Conure Parrot
CONURE,HALF_MOON_CONURE,Half Moon Conure
CONURE,JANDAYA_CONURE,Jandaya Conure
CONURE,ORANGE_FRONTED_CONURE,Orange Fronted Conure
CONURE,PAINTED_CONURE,Painted Conure
CONURE,PATAGONIAN_CONURE,Patagonian Conure
CONURE,PETZS_CONURE,Petz's Conure
CONURE,QUEEN_OF_BAVARIAS_CONURE,Queen of Bavaria Conure
CONURE,RED_MASKED_CONURE,Red Masked Conure
CONURE,SUN_CONURE,Sun Conure
CONURE,WHITE_EYED_CONURE,White Eyed Conure
COOT,COOT,Coot
CORMORANT,CORMORANT,Cormorant
CORMORANT,DOUBLE_CRESTED_CORMORANT,Double Crested Cormorant
CRAKE,CORNCRAKE,Corncrake
CRAKE,ZZA_CRAKE_MIXED,Mixed Crake
CRAKE,ZZB_CRAKE_UNLIST,Unlisted Crake
CRAKE,ZZC_CRAKE_UNSPECIFIED,Unspec.Crake
CRANE,COMMON_CRANE,Common Crane (Eurasian)
CRANE,CROWNED_CRANE,Crowned Crane
CRANE,EUROPEAN_CRANE,European Crane
CRANE,ZZA_CRANE_MIXED,Mixed Crane
CRANE,ZZB_CRANE_UNLIST,Unlisted Crane
CRANE,ZZC_CRANE_UNSPECIFIED,Unspec.Crane
CRANE,WHITE_NAPED_CRANE,White Naped Crane
CRICKET,FIELD_CRICKET,Field Cricket
CROSSBILL,COMMON_CROSSBILL,Common Crossbill
CROW,AZURE_WINGED_MAGPIE,Azure-winged Magpie
CROW,CARRION_CROW,Carrion Crow
CROW,CHOUGH,Chough
CROW,COMMON_RAVEN,Common Raven
CROW,HOODED_CROW,Hooded Crow
CROW,JACKDAW,Jackdaw
CROW,JAY,Jay
CROW,MAGPIE,Magpie
CROW,ZZA_CROW_MIXED,Mixed Crow
CROW,OTHER_CROW,Other Crow
CROW,RAVEN,Raven
CROW,ROOK,Rook
CROW,ZZB_CROW_UNLIST,Unlisted Crow
CROW,ZZC_CROW_UNSPECIFIED,Unspec.Crow
CUCKOO,CUCKOO,Cuckoo
CURLEW,CURLEW,Curlew
CURLEW,JACK_SNIPE,Jack Snipe
CURLEW,ZZA_CURLEW_MIXED,Mixed Curlew
CURLEW,ZZB_CURLEW_UNLIST,Unlisted Curlew
CURLEW,ZZC_CURLEW_UNSPECIFIED,Unspec.Curlew
CURLEW,WHIMBREL,Whimbrel
DEER,CHEVROTAIN,Chevrotain (Mouse Deer)
DEER,CHINESE_WATER_DEER,Chinese Water Deer
DEER,FALLOW_DEER,Fallow Deer
DEER,ZZA_DEER_MIXED,Mixed Deer
DEER,MUNTJAC_DEER,Muntjac Deer
DEER,RED_DEER,Red Deer
DEER,REINDEER,Reindeer
DEER,ROE_DEER,Roe Deer
DEER,SIKA_DEER,Sika Deer
DEER,ZZB_DEER_UNLIST,Unlisted Deer
DEER,ZZC_DEER_UNSPECIFIED,Unspec.Deer
DIPPER,DIPPER,Dipper
DIVER,BLACK-THROATED_DIVER,Black-Throated Diver
DIVER,GREAT_NORTHERN_DIVER,Great Northern Diver
DIVER,ZZA_DIVER_MIXED,Mixed Diver
DIVER,RED-THROATED_DIVER,Red-Throated Diver
DIVER,ZZB_DIVER_UNLIST,Unlisted Diver
DIVER,ZZC_DIVER_UNSPECIFIED,Unspec.Diver
DOG,AFFENPINSCHER,Affenpinscher
DOG,AFGHAN_HOUND,Afghan Hound
DOG,AFRICAN_HUNTING_DOG,African Hunting Dog
DOG,AIREDALE,Airedale
DOG,ALASKAN_MALAMUTE,Alaskan Malamute
DOG,AMERICAN_AKITA,American Akita Dog
DOG,AMERICAN_BULLDOG,American Bulldog
DOG,AMERICAN_COCKER_SPANIEL,American Cocker Spaniel
DOG,AMERICAN_FOXHOUND,American Foxhound
DOG,AMERICAN_KING_SHEPHERD,American King Shepherd Dog
DOG,AMERICAN_STAFFORDSHIRE_TERRIER,American Staffordshire Terrier
DOG,AMERICAN_WATER_SPANIEL,American Water Spaniel
DOG,ANATOLIAN_KARABASH,Anatolian Shepherd Dog
DOG,AUSTRALIAN_CATTLE_DOG,Australian Cattle Dog
DOG,AUSTRALIAN_KELPIE,Australian Kelpie
DOG,AUSTRALIAN_SHEPHERD_MINIATURE,Australian Shepherd Minature
DOG,AUSTRALIAN_SILKY_TERRIER,Australian Silky Terrier
DOG,AUSTRALIAN_TERRIER,Australian Terrier
DOG,AZAWAKH,Azawakh
DOG,BASENJI,Basenji
DOG,BASSET_ARTESIEN_NORMAND,Basset Artesien Normand
DOG,BASSET_BLUE_DE_GASCOGNE,Basset Bleu de Gascogne
DOG,BASSET_FAUVE_DE_BRETAGNE,Basset Fauve de Bretagne
DOG,BASSET_GRIFFON_VENDEEN,Basset Griffon Vendeen
DOG,BASSET_GRIFFON_GRAND,Basset Griffon Vendeen (Grand)
DOG,BASSET_GRIFFON_PETITE,Basset Griffon Vendeen (Petite)
DOG,BASSET_HOUND,Basset Hound
DOG,BAVARIAN_MOUNTAIN_HOUND,Bavarian Mountain Hound
DOG,BEAGLE,Beagle
DOG,BEAGLE_X,Beagle Cross
DOG,BEARDED_COLLIE,Bearded Collie
DOG,BEAUCERON,Beauceron
DOG,BEDLINGTON_TERRIER,Bedlington Terrier
DOG,BELGIAN_SHEPHERD_DOG,Belgian Shepherd Dog
DOG,BELGIAN_SHEP_GROENENDAEL,Belgian Shepherd Dog (Groenendael)
DOG,BELGIAN_SHEP_LAEKENOIS,Belgian Shepherd Dog (Laekenois)
DOG,BELGIAN_SHEP_MALINOIS,Belgian Shepherd Dog (Malinois)
DOG,BELGIAN_SHEP_TERVUEREN,Belgian Shepherd Dog (Tervueren)
DOG,BERGAMASCO,Bergamasco
DOG,BERNESE_MOUNTAIN_DOG,Bernese Mountain Dog
DOG,BICHON_FRISE,Bichon Frise
DOG,BLACK_AND_TAN_COONHOUND,Black and Tan Coonhound
DOG,BLOODHOUND,Bloodhound
DOG,BOLOGNESE,Bolognese
DOG,BORDER_COLLIE,Border Collie
DOG,BORDER_TERRIER,Border Terrier
DOG,BORZOI,Borzoi
DOG,BOSTON_TERRIER,Boston Terrier
DOG,BOUVIER_DES_FLANDRES,Bouvier des Flandres
DOG,BOXER,Boxer
DOG,BRACCO_ITALIANO,Bracco Italiano
DOG,BRETON-SPANIEL,Breton Spaniel
DOG,BRIARD,Briard
DOG,BRITTANY_SPANIEL,Brittany Spaniel (Brittany)
DOG,BULGARIAN_SHEPHERD,Bulgarian Shepherd Dog (Karakachen)
DOG,BULL_TERRIER,Bull Terrier
DOG,BULLDOG,Bulldog
DOG,BULLMASTIFF,Bullmastiff
DOG,CAIRN_TERRIER,Cairn Terrier
DOG,CANAAN_DOG,Canaan Dog
DOG,CANADIAN_ESKIMO,Canadian Eskimo Dog
DOG,CANADIAN_SHEPHERD,Canadian Shepherd
DOG,CANE_CORSO,Cane Corso
DOG,CARDIGAN_WELSH_CORGI,Cardigan Welsh Corgi
DOG,CATALAN_SHEEPDOG,Catalan Sheepdog
DOG,CAUCASIAN_SHEPHERD_DOG,"Caucasian Shepherd Dog (Kovkazskaia Ovtcharka, Cau"
DOG,CAVALIER_KING_CHARLES_SPANIEL,Cavalier King Charles Spaniel
DOG,CESKY_TERRIER,Cesky Terrier
DOG,CHESAPEAKE_BAY_RETRIEVER,Chesapeake Bay Retriever
DOG,CHIHUAHUA,Chihuahua
DOG,CHIHUAHUA_LONG,Chihuahua (Long Coat)
DOG,CHIHUAHUA_SHORT,Chihuahua (Smooth Coat)
DOG,CHIHUAHUA_CROSS,Chihuahua Cross
DOG,CHIN,Chin
DOG,CHINESE_CRESTED,Chinese Crested
DOG,CHOW_CHOW,Chow Chow
DOG,CIRNECO_DELL_ETNA,Cirneco dell'Etna
DOG,CLUMBER_SPANIEL,Clumber Spaniel
DOG,COCKER_SPANIEL,Cocker Spaniel
DOG,COLLIE,Collie
DOG,COLLIE_CROSS_BREED,Collie Cross Breed
DOG,CORGI,Corgi
DOG,CORGI_X,Corgi Cross
DOG,COTON-DE-TULEAR,Coton de Tulear
DOG,CROSS-BREED,Cross Breed
DOG,CURLY_COATED_RETRIEVER,Curly-coated Retriever
DOG,CYPRIOT_HUNTING_DOG,Cypriot Hunting Dog
DOG,CYPRUS_POODLE,Cyprus Poodle
DOG,DACHSBRACKE,Dachsbracke
DOG,DACHSHUND,Dachshund
DOG,DACHSHUND_LONG,Dachshund (Long Haired)
DOG,DACHSHUND_MINI_LONG,Dachshund (Minature Long Haired)
DOG,DACHSHUND_MINI_SHORT,Dachshund (Minature Short Haired)
DOG,DACHSHUND_MINI_WIRE,Dachshund (Miniature Wire Haired)
DOG,DACHSHUND_SMOOTH,Dachshund (Smooth Haired)
DOG,DACHSHUND_WIRE,Dachshund (Wire Haired)
DOG,DALMATIAN,Dalmatian
DOG,DANDIE_DINMONT_TERRIER,Dandie Dinmont Terrier
DOG,DANDY_DINMONT,Dandy Dinmont
DOG,DEERHOUND,Deerhound
DOG,DESERT_DOG,Desert Dog
DOG,DOBERMANN,Dobermann
DOG,DOGO_ARGENTINO,Dogo Argentino
DOG,DOGUE_DE_BORDEAUX,Dogue de Bordeaux
DOG,DRENTSE_PARTRIDGE_DOG,Drentse Partridge Dog
DOG,DREVER,Drever
DOG,DUNKER_HOUND,Dunker Hound
DOG,ELKHOUND,Elkhound
DOG,ENGLISH_BULL_TERRIER,English Bull Terrier
DOG,ENGLISH_BULLDOG,English Bulldog
DOG,ENGLISH_COCKER_SPANIEL,English Cocker Spaniel
DOG,ENGLISH_FOXHOUND,English Foxhound
DOG,ENGLISH_SETTER,English Setter
DOG,ENGLISH_SHEPHERD,English Shepherd
DOG,ENGLISH_SPRINGER_SPANIEL,English Springer Spaniel
DOG,ENGLISH_TOY_TERRIER,English Toy Terrier
DOG,ENTLEBUCHER_MOUNTAIN,Entlebucher Mountain Dog
DOG,EPAGNEUL_BRETON,Epagneul Breton Spaniel (Brittany/Breton Spaniel)
DOG,ESKIMO_DOG,Eskimo Dog
DOG,ESTRELA_MOUNTAIN_DOG,Estrela Mountain Dog
DOG,EURASIER,Eurasier
DOG,FIELD_SPANIEL,Field Spaniel
DOG,FILA_BRASILEIRO,Fila Brasileiro Dog
DOG,FINNISH_HOUND,Finnish Hound
DOG,LAPPHUND,Finnish Lapphund
DOG,FINNISH_SPITZ,Finnish Spitz
DOG,FLAT_COAT_RETRIEVER,Flat-coated Retriever
DOG,FOX_TERRIER,Fox Terrier
DOG,FOXHOUND,Foxhound
DOG,FRENCH_BULLDOG,French Bulldog
DOG,GABONESE-SHEPHERD,Gabonese Shepherd
DOG,GERMAN_HUNT_TERRIER,German Hunt Terrier
DOG,GERMAN_LONG_HAIRED_POINTER,German Long-haired Pointer
DOG,GERMAN_PINSCHER,German Pinscher
DOG,GERMAN_SHEPHERD_DOG,German Shepherd Dog (Alsatian)
DOG,GERMAN_SHORT_HAIRED_POINTER,German Short-haired Pointer
DOG,GERMAN-SHORT-HAIRED-POINTER,German Short-haired Pointer
DOG,GERMAN_SPITZ,German Spitz
DOG,GERMAN_SPITZ_KLEIN,German Spitz (Klein)
DOG,GERMAN_SPITZ_MITTEL,German Spitz (Mittel)
DOG,GERMAN_WIRE_HAIRED_POINTER,German Wire-haired Pointer
DOG,GIANT_SCHNAUZER,Giant Schnauzer
DOG,GLEN_OF_IMAAL_TERRIER,Glen of Imaal Terrier
DOG,GOLDEN_RETRIEVER,Golden Retriever
DOG,GORDON_SETTER,Gordon Setter
DOG,GRAND_BLEU_GASCOGNE,Grand Bleu De Gascogne
DOG,GREAT_DANE,Great Dane
DOG,GREATER_SWISS_MOUNTAIN,Greater Swiss Mountain Dog
DOG,GREENLAND_DOG,Greenland Dog
DOG,GREYHOUND,Greyhound
DOG,GRIFFON,Griffon
DOG,GRIFFON_BRUXELLOIS,Griffon Bruxellois
DOG,HALDEN_HOUND,Halden Hound
DOG,HAMILTON_HOUND,Hamilton Hound (Hamiltonstovare / Haldenstovare)
DOG,HARRIER,Harrier
DOG,HAVANESE,Havanese
DOG,HOLLANDSE_HERDER,Hollandse Herder
DOG,HOVAWART,Hovawart
DOG,HUNGARIAN_KUVASZ,Hungarian Kuvasz
DOG,HUNGARIAN_PULI,Hungarian Puli
DOG,HUNGARIAN_VIZSLA,Hungarian Vizsla
DOG,HUNGARIAN_WIRE_VIZLA,Hungarian Wirehaired Vizla
DOG,HUSKY,Husky
DOG,HUSKY-MIXED-BREED,Husky Mixed Breed
DOG,HYGEN_HOUND,Hygen Hound
DOG,IBIZAN_HOUND,Ibizan Hound
DOG,ICELAND_DOG,Iceland Dog
DOG,IRISH_RED_WHITE_SETTER,Irish Red and White Setter
DOG,IRISH_SETTER,Irish Setter
DOG,IRISH_TERRIER,Irish Terrier
DOG,IRISH_WATER_SPANIEL,Irish Water Spaniel
DOG,IRISH_WOLFHOUND,Irish Wolfhound
DOG,ITALIAN_GREYHOUND,Italian Greyhound
DOG,ITALIAN_SPINONE,Italian Spinone
DOG,JACK_RUSSELL_TERRIER,Jack Russell Terrier
DOG,JAPANESE_AKITA,Japanese Akita
DOG,JAPANESE_CHIN,Japanese Chin
DOG,JAPANESE_SHIBA_INU,Japanese Shiba Inu
DOG,JAPANESE_SPITZ,Japanese Spitz
DOG,JAPANESE_TOSA,Japanese Tosa
DOG,KARELIAN_BEAR_DOG,Karelian Bear Dog
DOG,KEESHUND,Keeshund
DOG,KERRY_BLUE_TERRIER,Kerry Blue Terrier
DOG,KING_CHARLES_SPANIEL,King Charles Spaniel
DOG,KOMONDOR,Komondor
DOG,KOOIKERHONDJE,Kooikerhondje
DOG,KOPIKERHENGE,Kopikerhenge
DOG,KOREAN_JONDO,Korean Jindo
DOG,KORTHALS_GRIFFON,Korthals Griffon
DOG,KROMFORHLANDER,Kromforhlander
DOG,KUNMING-DOG,Kunming Dog
DOG,LABRADOODLE,Labradoodle
DOG,LABRADOR_CROSS,Labrador Cross
DOG,LABRADOR_RETRIEVER,Labrador Retriever
DOG,LAGOTTO_ROMAGNOLO,Lagotto Romagnolo
DOG,LAKELAND_TERRIER,Lakeland Terrier
DOG,LANCASHIRE_HEELER,Lancashire Heeler
DOG,LAPPISH_VALLHUND,Lappish Vallhund
DOG,LARGE_MUNSTERLANDER,Large Munsterlander
DOG,LEONBERGER,Leonberger
DOG,LHASA_APSO,Lhasa Apso
DOG,LOWCHEN,Lowchen (Little Lion Dog)
DOG,LUNDEHUND,Lundehund
DOG,LURCHER,Lurcher
DOG,MALAMUTE,Malamute
DOG,MALTESE,Maltese
DOG,MALTESE_CROSS,Maltese Cross (Shih Tzu)
DOG,MANCHESTER_TERRIER,Manchester Terrier
DOG,MAREMMA_SHEEPDOG,Maremma Sheepdog
DOG,MASTIFF,Mastiff
DOG,MEDIUM_PINSCHER,Medium Pinscher
DOG,MEXICAN_HAIRLESS_INT,Mexican Hairless (Intermediate)
DOG,MEXICAN_HAIRLESS_MINI,Mexican Hairless (Miniature)
DOG,MEXICAN_HAIRLESS,Mexican Hairless (Standard)
DOG,MINI_BULL_TERRIER,Minature Bull Terrier
DOG,MINIATURE_DACHSHUND,Miniature Dachshund
DOG,MINIATURE_PINSCHER,Miniature Pinscher
DOG,MINIATURE_POODLE,Miniature Poodle
DOG,MINIATURE_SCHNAUZER,Miniature Schnauzer
DOG,MINIATURE_SHELTIE,Miniature Sheltie
DOG,ZZA_DOG_MIXED,Mixed Dog
DOG,MONGREL_DOG,Mongrel Dog
DOG,MUNSTERLANDER,Munsterlander
DOG,NEAPOLITAN_MASTIFF,Neapolitan Mastiff
DOG,NEOPOLITAN_MASTIFF,Neopolitan Mastiff
DOG,NEWFOUNDLAND,Newfoundland
DOG,NORBOTTON_SPITZ,Norbotton Spitz
DOG,NORFOLK_TERRIER,Norfolk Terrier
DOG,NORTHERN_INUIT_HUSKY,Northern Inuit Husky
DOG,NORWEGIAN_BUHUND,Norwegian Buhund
DOG,NORWEGIAN_ELKHOUND,Norwegian Elkhound
DOG,NORWICH_TERRIER,Norwich Terrier
DOG,NOVO_SCOTIA_DUCK_RETREIVER,Novo Scotia Duck Tolling Retriever
DOG,OLD_ENGLISH_SHEEPDOG,Old English Sheepdog
DOG,OLD_SPANISH_POINTER,Old Spanish Pointer (Pachon Navarro)
DOG,OTTERHOUND,Otterhound
DOG,PAPILLON,Papillon
DOG,PARSON_RUSSELL_TERRIER,Parson Russell Terrier
DOG,PASTOR_DE_BRIE,Pastor de Brie
DOG,PATTERDALE-TERRIER,Patterdale Terrier
DOG,PEKINGESE,Pekingese
DOG,PEMBROKE_WELSH_CORGI,Pembroke Welsh Corgi
DOG,PERUVIAN-HAIRLESS-DOG,Peruvian Hairless dog
DOG,PHALENE,Phalene
DOG,PHAROAH_HOUND,Pharaoh Hound
DOG,PINSCHER,Pinscher
DOG,PIT-BULL-TERRIER,Pit Bull Terrier
DOG,PODENCO,Podenco
DOG,PODENCO_CARNARY_ISLANDS_HOUND,Podenco Canary Islands Hound
DOG,PODENCO_CANARIA,Podenco Cararia
DOG,PODENCO_CANARIAN_WARREN_HOUND,Podenco Cararian Warren Hound
DOG,POINTER,Pointer
DOG,POINTING_WIREHAIRED_GRIFFON,Pointng Wirehaired Griffon
DOG,POLISH_SHEEPDOG,Polish Lowland Sheepdog
DOG,POMERANIAN,Pomeranian
DOG,POODLE,Poodle
DOG,POODLE_CROSS,Poodle Cross
DOG,PORTUGUESE_WARREN_HOUND,Portuguese Warren Hound (Portuguese Podengo)
DOG,PORTUGUESE_WATER_DOG,Portuguese Water Dog
DOG,PUG,Pug
DOG,PULI,Puli
DOG,PUMI,Pumi
DOG,PYRENEAN_MASTIFF,Pyrenean Mastiff
DOG,PYRENEAN_MOUNTAIN_DOG,Pyrenean Mountain Dog
DOG,PYRENEAN_SHEEP,Pyrenean Sheep Dog
DOG,RATONERO_BODEGUERO_ANDALUZ,Ratonero Bodeguero Andaluz
DOG,RED-SETTER,Red Setter
DOG,RETRIEVER,Retriever
DOG,RHODESIAN_RIDGEBACK,Rhodesian Ridgeback
DOG,ROTTWEILER,Rottweiler
DOG,ROUGH_COLLIE,Rough Collie (Standard Rough Collie)
DOG,RUSSIAN_BLACK_TERRIER,Russian Black Terrier
DOG,SALUKI,Saluki
DOG,SAMOYED,Samoyed
DOG,SCHILLER_HOUND,Schiller Hound
DOG,SCHIPPERKE,Schipperke
DOG,SCHNAUZER,Schnauzer
DOG,SCOTTISH_TERRIER,Scottish Terrier
DOG,SEALYHAM_TERRIER,Sealyham Terrier
DOG,SHAR_PEI,Shar Pei
DOG,SHETLAND_SHEEPDOG,Shetland Sheepdog
DOG,SHIBA_INU,Shiba Inu
DOG,SHIH_TZU,Shih Tzu
DOG,SHILOH_SHEPHERD_DOG,Shiloh Shepherd Dog
DOG,SIBERIAN_HUSKY,Siberian Husky
DOG,SILKEN_WINDHOUND,Silken Windhound (Sighthound)
DOG,SILKY_TERRIER,Silky Terrier
DOG,SKYE_TERRIER,Skye Terrier
DOG,SLOUGHI,Sloughi
DOG,SLOVAKIAN_KUVASZ,Slovakian Kuvasz
DOG,SLOVAKIAN_ROUGH_HIRED_POINTER,Slovakian Rough Hired Pointer
DOG,SMALANDS_HOUND,Smalands Hound
DOG,SMALL_GERMAN_SPITZ,Small German Spitz
DOG,SMALL_MUNSTERLANDER,Small Munsterlander
DOG,SMOOTH_COLLIE,Smooth Collie
DOG,SMOOTH_FOX_TERRIER,Smooth Fox Terrier
DOG,SOFT_COATED_WHEATEN_TERRIER,Soft-coated Wheaten Terrier
DOG,SOUTH_AFRICAN_BOERBOEL,"South African Boerboel (Mastiff, Molosser Breed)"
DOG,SPANIEL,Spaniel
DOG,SPANIEL_CROSS,Spaniel Cross
DOG,SPANISH_WATER_DOG,Spanish Water Dog
DOG,SPITZ,Spitz
DOG,SPRINGER-SPANIEL,Springer Spaniel
DOG,ST_BERNARD,St Bernard
DOG,STABYHOUN,Stabyhoun
DOG,STABYHOUND,Stabyhound
DOG,STAFFORDSHIRE_BULL_TERRIER,Staffordshire Bull Terrier
DOG,STANDARD_DACHSHUND,Standard Dachshund
DOG,STANDARD_POODLE,Standard Poodle
DOG,STANDARD_SCHNAUZER,Standard Schnauzer
DOG,SUSSEX_SPANIEL,Sussex Spaniel
DOG,SWEDISH_ELKHOUND,Swedish Elkhound
DOG,SWEDISH_VALLHUND,Swedish Vallhund
DOG,SWISS_HUNTING_DOG,Swiss Hunting Dog
DOG,SWISS_HUNTING_DOGS,Swiss Hunting Dogs
DOG,DACHSHUND_TECKEL,Teckel Dachshund
DOG,TERRIER,Terrier
DOG,TERRIER_CROSS,Terrier Cross
DOG,TIBETAN_MASTIFF,Tibetan Mastiff
DOG,TIBETAN_SPANIEL,Tibetan Spaniel
DOG,TIBETAN_TERRIER,Tibetan Terrier
DOG,TOY_POODLE,Toy Poodle
DOG,TRAILHOUND,Trailhound
DOG,ZZB_DOG_UNLIST,Unlisted Dog
DOG,ZZC_DOG_UNSPECIFIED,Unspec.Dog
DOG,VISZLA,Viszla
DOG,WACHTELHUND,Wachtelhund
DOG,WEIMARANER,Weimaraner
DOG,WELSH-BORDER-COLLIE,Welsh Border Collie
DOG,WELSH_CORGI_CARDIGAN,Welsh Corgi ( Cardigan)
DOG,WELSH_CORGI_PEMBROKE,Welsh Corgi (Pembroke)
DOG,WELSH_SPRINGER_SPANIEL,Welsh Springer Spaniel
DOG,WELSH_TERRIER,Welsh Terrier
DOG,WEST_HIGHLAND_WHITE_TERRIER,West Highland White Terrier
DOG,WETTERHOUN,Wetterhoun
DOG,WETTERHOUND,Wetterhound
DOG,WHEATEN_TERRIER,Wheaten Terrier
DOG,WHEATON_TERRIER,Wheaton Terrier
DOG,WHIPPET,Whippet
DOG,WIRE_FOX_TERRIER,Wire Fox Terrier
DOG,WIRE_HAIRED_POINTER,Wire Haired Pointer
DOG,YORKSHIRE_TERRIER,Yorkshire Terrier
DOLPHIN,BOTTLE_NOSED_DOLPHIN,Bottle-nosed Dolphin
DOLPHIN,COMMON_DOLPHIN,Common Dolphin
DOLPHIN,EUPHROSYNE_DOLPHIN,Euphrosyne Dolphin
DOLPHIN,RISSOS_DOLPHIN,Rissos Dolphin
DOLPHIN,STRIPED_DOLPHIN,Striped Dolphin
DOLPHIN,WHITE_BEAKED_DOLPHIN,White Beaked Dolphin
DOLPHIN,WHITE_SIDED_DOLPHIN,White-Sided Dolphin
DONKEY,DWARF_DONKEY,Dwarf Donkey
DONKEY,ZZA_EQ_DONKEY_MIXED,Mixed Donkey
DONKEY,POITOU_DONKEY,Poitou Donkey
DONKEY,ZZB_EQ_DONKEY_UNLIST,Unlisted Donkey
DONKEY,ZZC_EQ_DONKEY_UNSPECIFIED,Unspec.Donkey
DORMOUSE,DORMOUSE,Dormouse
DORMOUSE,EDIBLE_DORMOUSE,Edible Dormouse
DOTTEREL,DOTTEREL,Dotterel
DOVE,BLEEDING_HEART_DOVE,Bleeding Heart Dove
DOVE,CAPE_DOVE_PIGEON,Cape Dove Pigeon
DOVE,EMERALD_DOVE,Emerald Dove
DOVE,FANTAIL_DOVE,Fantail Dove
DOVE,ZZA_DOVE_MIXED,Mixed Dove
DOVE,SOCORRO-DOVE,Socorro Dove
DOVE,STOCK_DOVE,Stock Dove
DOVE,TURTLE_DOVE,Turtle Dove
DOVE,ZZB_DOVE_UNLIST,Unlisted Dove
DOVE,ZZC_DOVE_UNSPECIFIED,Unspec.Dove
DUCK,AUSTRALIAN_SHELDUCK,Auatralian Shelduck
DUCK,AYLESBURY_DUCK,Aylesbury Duck
DUCK,BAHAMA_PINTAIL,Bahama Pintail
DUCK,BROWN_DUCK,Brown Duck
DUCK,CALL_DUCK,Call Duck
DUCK,CAPE_TEAL,Cape Teal
DUCK,CAROLINA_DUCK,Carolina Duck
DUCK,CHESTNUT_TEAL,Chestnut Teal
DUCK,CHILOE_WIGEON,Chiloe Wigeon
DUCK,CINNAMON_TEAL,Cinnamon Teal
DUCK,COLLARED_DUCK,Collared Duck
DUCK,COMB_DUCK,Comb (Knob-billed) Duck
DUCK,COMMON_SCOTER,Common Scoter
DUCK,DOMESTIC_DUCK,Domestic Duck
DUCK,EIDER,Eider
DUCK,WIGEON,Eurasian Wigeon
DUCK,GADWALL,Gadwall
DUCK,GARGANEY,Garganey
DUCK,GOLDENEYE,Goldeneye
DUCK,GOOSANDER,Goosander
DUCK,HOODED_MERGANSER,Hooded Merganser
DUCK,INDIAN_RUNNER_DUCK,Indian Runner Duck
DUCK,INDIAN_WHISTLING_DUCK,Indian Whistling Duck
DUCK,LONG-TAILED_DUCK,Long-tailed Duck
DUCK,MALLARD_DUCK,Mallard Duck
DUCK,MANDARIN_DUCK,Mandarin Duck
DUCK,MELLERS_DUCK,Mellers Duck
DUCK,ZZA_DUCK_MIXED,Mixed Duck
DUCK,MULE_DUCK,Mule Duck
DUCK,MUSCOVY_DUCK,Muscovy Duck
DUCK,NORTH_PINTAIL_DUCK,Northern Pintail Duck
DUCK,SHOVELER,Northern Shoveler
DUCK,PACIFIC_BLACK_DUCK,Pacific Black Duck
DUCK,PEKIN_DUCK,Pekin Duck
DUCK,PINK_EARED_DUCK,Pink Eared Duck
DUCK,PINTAIL,Pintail
DUCK,POCHARD_DUCK,Pochard Duck
DUCK,RED_BILL_TREE_DUCK,Red Bill Tree Duck
DUCK,RED-BREASTED_MERGANSER,Red-breasted Merganser
DUCK,RINGED_TEAL,Ringed Teal
DUCK,ROSY_BILLED_POCHARD,Rosy-billed Pochard
DUCK,RUDDY_DUCK,Ruddy Duck
DUCK,SCAUP,Scaup
DUCK,SHELDUCK_DUCK,Shelduck Duck
DUCK,SILVER_TEAL,Silver Teal
DUCK,SMEW,Smew
DUCK,SORGANI_TEAL_DUCK,Sorgani Teal Duck
DUCK,SPOTTED_TREE_DUCK,Spotted Tree Duck
DUCK,TEAL,Teal
DUCK,TUFTED_DUCK,Tufted Duck
DUCK,ZZB_DUCK_UNLIST,Unlisted Duck
DUCK,ZZC_DUCK_UNSPECIFIED,Unspec.Duck
DUCK,VELVET_SCOTER,Velvet Scoter
DUCK,WANDERING_WHISTLING_DUCK,Wandering Whistling Duck
DUCK,WEST_INDIAN_WHISTLING_DUCK,West Indian Whistling Duck
DUCK,WHITE_DUCK,White Duck
DUCK,WHITE_STIFFTAIL_DUCK,White Stifftail Duck
DUCK,WHITE_WINGED_WOOD_DUCK,White Winged Wood Duck
DUCK,WHITE_FACED_WHISTLING_DUCK,White-faced Whistling Duck
DUNLIN,DUNLIN,Dunlin
DUNNOCK,DUNNOCK,Dunnock
EAGLE,AFRICAN_BLACK_EAGLE,African Black Eagle (Verreaux's Eagle)
EAGLE,AFRICAN_HAWK_EAGLE,African Hawk Eagle
EAGLE,BLACK_EAGLE,bLACK Eagle
EAGLE,BONELLI,Bonelli
EAGLE,CROWNED_EAGLE,Crowned Eagle
EAGLE,GOLDEN_EAGLE,Golden Eagle
EAGLE,GREAT_BUZZARD_EAGLE,Great Buzzard Eagle (Black Chested Buzzard Eagle)
EAGLE,GREY_BUZZARD,Grey Buzzard
EAGLE,MARTIAL_EAGLE,Martial Eagle
EAGLE,ZZA_EAGLE_MIXED,Mixed Eagle
EAGLE,OSPREY,Osprey
EAGLE,SEA_EAGLE,Sea Eagle
EAGLE,TAWNY_EAGLE,Tawny Eagle
EAGLE,ZZB_EAGLE_UNLIST,Unlisted Eagle
EAGLE,ZZC_EAGLE_UNSPECIFIED,Unspec.Eagle
EGRET,CATTLE_EGRET,Cattle Egret
EGRET,LITTLE_EGRET,Little Egret
ELEPHANT,ELEPHANT,Elephant
EMU,EMU,Emu
ENVIRONMENTAL_ABBATTOIR,ENVIRONMENTAL_ABATT,Environmental Abbattoir
ENVIRONMENTAL_FARM,ENVIRONMENTAL_FARM,Environmental Farm
ENVIRONMENTAL_OTHER,ENVIRONMENTAL_OTHER,Environmental Other
FALCON,APLOMADO_FALCON,Aplomado Falcon
FALCON,GYR_FALCON,Gyr Falcon
FALCON,HOBBY,Hobby
FALCON,HYBRID_FALCON,Hybrid Falcon
FALCON,KESTREL,Kestrel
FALCON,LANNER_FALCON,Lanner Falcon
FALCON,LITTLE_FALCON,Little Falcon
FALCON,MERLIN,Merlin
FALCON,ZZA_FALCON_MIXED,Mixed Falcon
FALCON,NEW_ZEALAND_FALCON,New Zealand Falcon
FALCON,PEREGRINE,Peregrine
FALCON,RED_NAPED_SHAHEEN_FALCON,Red Naped Shaheen Falcon
FALCON,SAKER_FALCON,Saker Falcon
FALCON,ZZB_FALCON_UNLIST,Unlisted Falcon
FALCON,ZZC_FALCON_UNSPECIFIED,Unspec.Falcon
FERRET,FERAL_FERRET,Feral Ferret
FINCH,AUSTRALIAN_FINCH,Australian Finch
FINCH,BENGALESE_FINCH,Bengalese Finch
FINCH,BRAMBLING,Brambling
FINCH,BULLFINCH_FINCH,Bullfinch Finch
FINCH,CARDINAL_FINCH,Cardinal Finch
FINCH,CHAFFINCH_FINCH,Chaffinch Finch
FINCH,CHESTNUT_BREASTED_MANNIKIN,Chestnut-Breasted Mannikin
FINCH,CORDON_BLEU_FINCH,Cordon Bleu Finch
FINCH,CUT_THROAT_FINCH,Cut Throat Finch
FINCH,DOLPHIN_FINCH,Dolphin Finch
FINCH,EXOTIC_FINCH,Exotic Finch
FINCH,GOLDFINCH,Goldfinch
FINCH,GOULDIAN_FINCH,Gouldian Finch
FINCH,GREENFINCH_FINCH,Greenfinch Finch
FINCH,GRENADIER_WAXBILL_FINCH,Grenadier Waxbill Finch
FINCH,HAWFINCH,Hawfinch
FINCH,JAVA_SPARROW_FINCH,Java Sparrow Finch
FINCH,LAVENDER_FINCH,Lavender Finch
FINCH,ZZA_FINCH_MIXED,Mixed Finch
FINCH,MUNIA_FINCH,Munia Finch
FINCH,OTHER_FINCH,Other Finch
FINCH,PAINTED_FIRETAIL_FINCH,Painted Firetail Finch
FINCH,PARADISE_WHYDAH_FINCH,Paradise Whydah Finch
FINCH,PEALE_PARROT_FINCH,Peale Parrot Finch
FINCH,PIN_TAILED_PARROT_FINCH,Pin-tailed Parrot Finch
FINCH,PIN_TAILED_WHYDAH_FINCH,Pin-tailed Whydah Finch
FINCH,RED_EARED_FINCH,Red Eared Finch
FINCH,RED_CHEEKED_WAXBILL_FINCH,Red-cheeked Waxbill Finch
FINCH,SISKIN_FINCH,Siskin Finch
FINCH,SPARROW_FINCH,Sparrow Finch
FINCH,SPICE_FINCH,Spice Finch
FINCH,STAR_FINCH,Star Finch
FINCH,ZZB_FINCH_UNLIST,Unlisted Finch
FINCH,ZZC_FINCH_UNSPECIFIED,Unspec.Finch
FINCH,WAXBILL_FINCH,Waxbill Finch
FINCH,WHITE_HEADED_FINCH,White Headed Finch
FINCH,ZEBRA_FINCH,Zebra Finch
FISH,ALLIS_SHAD_AND_TWAITE_SHAD,Allis Shad and Twaite Shad
FISH,AMERICAN_BROOK_TROUT,American Brooke Trout
FISH,AMERICAN_CATFISH,American Catfish
FISH,AMERICAN_MUD-MINNOW,American Mud-Minnow
FISH,ATLANTIC_SALMON,Antlantic Salmon
FISH,ASP,Asp
FISH,BARBEL,Barbel
FISH,BASS,Bass
FISH,BITTERLING,Bitterling
FISH,BLACK_MOLLY_FISH,Black Molly Fish
FISH,BLEAK,Bleak
FISH,BROOK_LAMPREY,Brook Lamprey
FISH,BURBOT,Burbot
FISH,CARP,Carp
FISH,CHAR,Char
FISH,CHUB,Chub
FISH,COMMON_BREAM,Common Bream
FISH,CRUCIAN_CARP,Crucian Carp
FISH,DACE,Dace
FISH,EEL,Eel
FISH,FLOUNDER,Flounder
FISH,GOLDFISH,Goldfish
FISH,GRAYLING,Grayling
FISH,GUDGEON,Gudgeon
FISH,HOUTING,Houting
FISH,IDE,Ide
FISH,LAMPERN_OR_RIVER_LAMPREY,Lampern or River Lamprey
FISH,MINNOW,Minnow
FISH,ZZA_FISH_MIXED,Mixed Fish
FISH,MOTHERLESS_MINNOW,Motherless Minnow
FISH,NASE,Nase
FISH,PERCH,Perch
FISH,PIKE,Pike
FISH,POND_LOACH,Pond Loach
FISH,POWAN,Powan
FISH,RAINBOW_TROUT,Rainbow Trout
FISH,ROACH,Roach
FISH,RUDD,Rudd
FISH,RUFFE_OR_POPE,Ruffe or Pope
FISH,SALMON,Salmon
FISH,SEA_LAMPREY,Sea Lamprey
FISH,SMELT,Smelt
FISH,SOUFIE,Soufie
FISH,SPINED_LOACH,Spined Loach
FISH,STONE_LOACH,Stone Loach
FISH,STURGEON,Sturgeon
FISH,TENCH,Tench
FISH,TEN-SPINED_STICKLEBACK,Ten-Spined Stickleback
FISH,THREE-SPINED_STICKLEBACK,Three-Spine Stickleback
FISH,TROUT,Trout
FISH,ZZB_FISH_UNLIST,Unlisted Fish
FISH,ZZC_FISH_UNSPECIFIED,Unspec.Fish
FISH,VENDACE,Vendace
FISH,WELS_OR_GIANT_CATFISH,Wels or Giant Catfish
FISH,WHITE_OR_SILVER_BREAM,White or Silver Bream
FISH,WHITEFISH,Whitefish
FISH,ZAEHRTE,Zaehrte
FISH,ZANDER_OR_PIKE-PERCH,Zander or Pike-Pearch
FLAMINGO,CARIBBEAN_FLAMINGO,Caribbean Flamingo
FLAMINGO,CUBAN_FLAMINGO,Cuban Flamingo
FLAMINGO,FLAMINGO,Flamingo
FLAMINGO,GREATER_FLAMINGO,Greater Flamingo
FLYCATCHER,ZZA_FLYCATCHER_MIXED,Mixed Flycatcher
FLYCATCHER,PIED_FLYCATCHER,Pied Flycatcher
FLYCATCHER,SPOTTED_FLYCATCHER,Spotted Flycatcher
FLYCATCHER,ZZB_FLYCATCHER_UNLIST,Unlisted Flycatcher
FLYCATCHER,ZZC_FLYCATCHER_UNSPECIFIED,Unspec.Flycatcher
FOX,FOX,Fox
FRANCOLIN,BLACK_FRANCOLIN,Black Francolin
FRANCOLIN,ZZC_FRANCOLIN_UNSPECIFIED,Unspec.Francolin
FROG,COMMON_FROG,Common Frog
FROG,EDIBLE_FROG,Edible Frog
FROG,EUROPEAN_TREE_FROG,European Tree Frog
FROG,MARSH_FROG,Marsh Frog
FROG,OTHER_FROG,Other Frog
FROG,POOL_FROG,Pool Frog
FULMAR,FULMAR,Fulmar
GANNET,GANNET,Gannet
GIRAFFE,GIRAFFE,Giraffe
GOAT,ANGORA_GOAT,Angora Goat
GOAT,APPENZELL_GOAT,Appenzell Goat
GOAT,BENDEN_STRIPED_GOAT,Benden Striped Goat
GOAT,BLACK_WELSH_MOUNTAIN_GOAT,Black Welsh Mountain Goat
GOAT,BOER_MEAT_GOAT,Boer Meat Goat
GOAT,CASHMERE,Cashmere Goat
GOAT,CHAMOIS_COLOURED_MOUNTAIN_GOAT,Chamois Coloured Mountain Goat
GOAT,COLOURED_GERMAN_IMPROVED_GOAT,Coloured German Improved Goat
GOAT,DORSET_HORN_GOAT,Dorset Horn Goat
GOAT,DUTCH_SPOTTED_GOAT,Dutch Spotted Goat
GOAT,EAST_AFRICAN_DWARF_GOAT,East African Dwarf Goat
GOAT,EXMOOR_HORN_GOAT,Exmoor Horn Goat
GOAT,FERAL_GOAT,Feral Goat
GOAT,GALL_SOMALI_GOAT,Gall Somali Goat
GOAT,GOLDEN_GUERNSEY_GOAT,Golden Guernsey Goat
GOAT,ZZA_GOAT_MIXED,Mixed Goat
GOAT,NERA_VERZASCA_GOAT,Nera Verzasca Goat
GOAT,NUBIAN_GOAT,Nubian Goat
GOAT,OTHER_GOAT,Other Goat
GOAT,PEACOCK_GOAT,Peacock Goat
GOAT,PYGMY_GOAT,Pygmy Goat
GOAT,SAANEN_GOAT,Saanen Goat
GOAT,THURINGIAN_FOREST_GOAT,Thuringian Forest Goat
GOAT,TOGGENBURG_GOAT,Toggenburg Goat
GOAT,ZZB_GOAT_UNLIST,Unlisted Goat
GOAT,ZZC_GOAT_UNSPECIFIED,Unspec.Goat
GOAT,VALAIS_BLACK_NECKED_GOAT,Valais Black Necked Goat
GOAT,WEST_AFRICAN_DWARF_GOAT,West African Dwarf Goat
GOAT,WHITE_GERMAN_IMPROVED_GOAT,White German Improved Goat
GODWIT,BAR-TAILED_GODWIT,Bar-tailed Godwit
GODWIT,BLACK-TAILED_GODWIT,Black-tailed Godwit
GODWIT,ZZA_GODWIT_MIXED,Mixed Godwit
GODWIT,ZZB_GODWIT_UNLIST,Unlisted Godwit
GODWIT,ZZC_GODWIT_UNSPECIFIED,Unspec.Godwit
GOOSE,ANDEAN_GOOSE,Andean Goose
GOOSE,ASHY_HEADED_GOOSE,Ashy-Headed Goose
GOOSE,BAR_HEADED_GOOSE,Bar-headed Goose
GOOSE,BARNACLE_GOOSE,Barnacle Goose
GOOSE,BEAN_GOOSE,Bean Goose
GOOSE,BRENT_GOOSE,Brent Goose
GOOSE,CANADA_GOOSE,Canada Goose
GOOSE,DOMESTIC_GOOSE,Domestic Goose
GOOSE,EGYPTIAN_GOOSE,Egyptian Goose
GOOSE,EMPEROR_GOOSE,Emperor Goose
GOOSE,GREYLAG_GOOSE,Greylag Goose
GOOSE,HAWAIIAN_GOOSE,Hawaiian Goose
GOOSE,MAGELLAN_GOOSE,Magellan Goose
GOOSE,ZZA_GOOSE_MIXED,Mixed Goose
GOOSE,ORINOCO_GOOSE,Orinoco Goose
GOOSE,PIGMY_GOOSE,Pigmy Goose
GOOSE,PINK_FOOTED_GOOSE,Pink Footed Goose
GOOSE,RED_BREASTED_GOOSE,Red Breasted Goose
GOOSE,SNOW_GOOSE,Snow Goose
GOOSE,ZZB_GOOSE_UNLIST,Unlisted Goose
GOOSE,ZZC_GOOSE_UNSPECIFIED,Unspec.Goose
GOOSE,WHITE-FRONTED_GOOSE,White-fronted Goose
GORILLA,GORILLA,Gorilla
GREATER_BIRD_OF_PARADISE,GREATER_BIRD_PARADISE,Greater Bird of Paradise
GREBE,BLACK-NECKED_GREBE,Black-necked Grebe
GREBE,GREAT_CRESTED_GREBE,Great Crested Grebe
GREBE,LITTLE_GREBE,Little Grebe
GREBE,ZZA_GREBE_MIXED,Mixed Grebe
GREBE,RED-NECKED_GREBE,Red-Necked Grebe
GREBE,SLAVONIAN_GREBE,Slavonian Grebe
GREBE,ZZB_GREBE_UNLIST,Unlisted Grebe
GREBE,ZZC_GREBE_UNSPECIFIED,Unspec.Grebe
GROUSE,BLACK_GROUSE,Black Grouse
GROUSE,CAPERCAILLIE,Capercaillie
GROUSE,ZZA_GROUSE_MIXED,Mixed Grouse
GROUSE,PTARMIGAN,Ptarmigan
GROUSE,RED_GROUSE,Red Grouse
GROUSE,SANDGROUSE,Sandgrouse
GROUSE,ZZB_GROUSE_UNLIST,Unlisted Grouse
GROUSE,ZZC_GROUSE_UNSPECIFIED,Unspec.Grouse
GUILLEMOT,BLACK_GUILLEMOT,Black Guillemot
GUILLEMOT,GUILLEMOT,Guillemot
GUILLEMOT,ZZA_GUILLEMOT_MIXED,Mixed Guillemot
GUILLEMOT,ZZB_GUILLEMOT_UNLIST,Unlisted Guillemot
GUILLEMOT,ZZC_GUILLEMOT_UNSPECIFIED,Unspec.Guillemot
GUINEA_FOWL,GUINEA_FOWL,Guinea Fowl
GUINEA_FOWL,HELMETED_GUINEA_FOWL,Helmeted Guinea Fowl
GUINEA_FOWL,VULTURINE_GUINEAFOWL,Vulturine Guineafowl
GULL,BLACK-HEADED_GULL,Black-headed Gull
GULL,COMMON_GULL,Common Gull
GULL,GLAUCOUS_GULL,Glaucous Gull
GULL,GRAY_GULL,Gray Gull
GULL,GREAT_BLACK-BACKED_GULL,Great Black-backed Gull
GULL,HERRING_GULL,Herring Gull
GULL,KITTIWAKE,Kittiwake
GULL,LESSER_BLACK-BACKED_GULL,Lesser Black-Backed Gull
GULL,LITTLE_GULL,Little Gull
GULL,MEDITERRANEAN_GULL,Mediterranean Gull
GULL,ZZA_GULL_MIXED,Mixed Gull
GULL,OTHER_GULL,Other Gull
GULL,STONE-CURLEW,Stone-curlew
GULL,ZZB_GULL_UNLIST,Unlisted Gull
GULL,ZZC_GULL_UNSPECIFIED,Unspec.Gull
GULL,YELLOW_LEGGED_GULL,Yellow-legged Gull
HARE,BROWN_HARE,Brown Hare
HARE,MOUNTAIN_HARE,Mountain Hare
HARRIER,HEN_HARRIER,Hen Harrier
HARRIER,MARSH_HARRIER,Marsh Harrier
HARRIER,ZZA_HARRIER_MIXED,Mixed Harrier
HARRIER,MONTAGUS_HARRIER,Montagu's Harrier
HARRIER,ZZB_HARRIER_UNLIST,Unlisted Harrier
HARRIER,ZZC_HARRIER_UNSPECIFIED,Unspec.Harrier
HAWK,GOSHAWK,Goshawk
HAWK,HARRIS-HAWK,Harris Hawk
HAWK,ZZA_HAWK_MIXED,Mixed Hawk
HAWK,SPARROW_HAWK,Sparrow Hawk
HAWK,ZZB_HAWK_UNLIST,Unlisted Hawk
HAWK,ZZC_HAWK_UNSPECIFIED,Unspec.Hawk
HEDGEHOG,HEDGEHOG,Hedgehog
HERON,GREAT_BLUE_HERON,Great Blue Heron
HERON,GREY_HERON,Grey Heron
HERON,ZZA_HERON_MIXED,Mixed Heron
HERON,NIGHT_HERON,Night Heron
HERON,PURPLE_HERON,Purple Heron
HERON,ZZB_HERON_UNLIST,Unlisted Heron
HERON,ZZC_HERON_UNSPECIFIED,Uspecified Heron
HORNBILL,NORTHERN_PIED_HORNBILL,Northern Pied Hornbill
HORNBILL,SOUTHERN_HORNBILL,Southern Ground Hornbill
HORNBILL,TARICTIC_HORNBILL,Tarictic Hornbill
HORNBILL,VON_DER_DECKENS_HORNBILL,Von der Decken's Hornbill
HORSE,ABTENAU_HORSE,Abtenau Horse
HORSE,AKHAL_TEKKE_HORSE,Akhal Tekke Horse
HORSE,AMERICAN_QUARTER_HORSE,American Quarter Horse
HORSE,AMERICAN_SADDLE_HORSE,American Saddle Horse
HORSE,AMERICAN_SHETTY_HORSE,American Shetty Horse
HORSE,AMERICAN_WHITE_HORSE,American White Horse
HORSE,ANGLO_ARAB_HORSE,Anglo Arab Horse
HORSE,APPALOOSA_HORSE,Appaloosa Horse
HORSE,ARAB_THOROUGHBRED_HORSE,Arab Thoroughbred Horse
HORSE,ARABIAN_HORSE,Arabian Horse
HORSE,ARGENTINIAN_POLO_PONY,Argentinian Polo Pony
HORSE,BASHKIR_CURLY_HORSE,Bashkir Curly Horse
HORSE,BELGIAN_COLDBLOOD_HORSE,Belgian Coldblood Horse
HORSE,BERBER_HORSE,Berber Horse
HORSE,BLACK_FOREST_FOX_HORSE,Black Forest Fox Horse
HORSE,BUCKSKIN_HORSE,Buckskin Horse
HORSE,BUDYONNY_HORSE,Budyonny Horse
HORSE,CAMARGUE_HORSE,Camargue Horse
HORSE,CHICKASAW_HORSE,Chickasaw Horse
HORSE,CLEVELAND_BAY,Cleveland Bay Horse
HORSE,CLYDESDALE,Clydesdale Horse
HORSE,COB_HORSE,Cob Horse
HORSE,CONNEMARA_PONY,Connemara Pony
HORSE,DARTMOOR_PONY,Dartmoor Pony
HORSE,DELMENER_HORSE,Delmener Horse
HORSE,DON_HORSE,Don Horse
HORSE,EAST_FRIESIAN_HORSE,East Friesian Horse
HORSE,EINSIEDLER_HORSE,Einsiedler Horse
HORSE,ENGLISH_THOROUGHBRED_HORSE,English Thoroughbred Horse
HORSE,EXMOOR_PONY,Exmoor Pony
HORSE,FALABELLA_ARGENTIN_DWARF_PONY,Falabella Argentinian Dwarf Pony
HORSE,FELL_PONY,Fell Pony
HORSE,FJORD_HORSE,Fjord Horse
HORSE,FOX_TROT_HORSE,Fox Trot Horse
HORSE,FREIBERGER_HORSE,Freiberger Horse
HORSE,FRIESIAN_HORSE,Friesian Horse
HORSE,GALICENO_HORSE,Galiceno Horse
HORSE,GERMAN_RIDING_HORSE,German Riding Horse
HORSE,GERMAN_RIDING_PONY,German Riding Pony
HORSE,GYPSY_COB_HORSE,Gypsy Horse
HORSE,HAFLINGER_HORSE,Haflinger Horse
HORSE,HANOVERIAN,Hanoverian Horse
HORSE,HIGHLAND_PONY,Highland Pony
HORSE,ICELANDIC_PONY,Icelandic Pony
HORSE,IRISH_DRAFT_HORSE,Irish Draft Horse
HORSE,KABARDIN_HORSE,Kabardin Horse
HORSE,KARABAI_HORSE,Karabai Horse
HORSE,KARABAKH_HORSE,Karabakh Horse
HORSE,KLADRUBER_HORSE,Kladruber Horse
HORSE,KNABSTRUPPER_HORSE,Knabstrupper Horse
HORSE,KNAPSTRUPER_HORSE,Knapstruper Horse
HORSE,LIPIZZANER_HORSE,Lipizzaner Horse
HORSE,LUSITANO,Lusitano
HORSE,ZZA_EQ_HORSE_MIXED,Mixed Horse
HORSE,MORAB_HORSE,Morab Horse
HORSE,MORGAN_HORSE,Morgan Horse
HORSE,MURRAY_GREY_HORSE,Murray Gray Horse
HORSE,MUSTANG_HORSE,Mustang Horse
HORSE,NEW_FOREST_PONY,New Forest Pony
HORSE,NEW_TARPAN_HORSE,New Tarpan Horse
HORSE,NORDKIRCHNER_HORSE,Nordkirchner Horse
HORSE,NORIKER_HORSE,Noriker Horse
HORSE,OLD_WERTTEMBERG_HORSE,Old Werttemberg Horse
HORSE,OLDENBURG_HORSE,Oldenburg Horse
HORSE,ORLOV_TROTTER_HORSE,Orlov Trotter Horse
HORSE,PAINT_HORSE,Paint Horse
HORSE,PALAMINO_HORSE,Palamino Horse
HORSE,PART_BRED_ARAB,Part Bred Arab Horse
HORSE,PASO_HORSE,Paso Horse
HORSE,PERCHERON_HORSE,Percheron Horse
HORSE,PERUVIAN_PASO_HORSE,Peruvian Paso Horse
HORSE,PINTO_HORSE,Pinto Horse
HORSE,POLISH_KONIK_HORSE,Polish Konik Horse
HORSE,POLO_PONY,Polo Pony
HORSE,PRZEWALSKIS_HORSE,Przewalski's Horse
HORSE,QUARTER_HORSE,Quarter Horse
HORSE,RACKING_HORSE,Racking Horse
HORSE,RHINELAND_W_HEAVY_DRAFT_HORSE,Rhineland Westphalian Heavy Draught Horse
HORSE,ROTTAL_HORSE,Rottal Horse
HORSE,SCHLESWIG_HEAVY_DRAUGHT_HORSE,Schleswig Heavy Draught Horse
HORSE,SENNE_HORSE,Senne Horse
HORSE,SHAGYA_HORSE,Shagya Horse
HORSE,SHETLAND_PONY,Shetland Pony
HORSE,SHIRE_HORSE,Shire Horse
HORSE,SOUTH_GERMAN_COLDBLOOD_HORSE,South German Coldblood Horse
HORSE,SPANISH_BARB_HORSE,Spanish Barb Horse
HORSE,TERSK_HORSE,Tersk Horse
HORSE,THOROUGHBRED_HORSE,Thoroughbred Horse
HORSE,TRAKEHNER_HORSE,Trakehner Horse
HORSE,TROTTER_HORSE,Trotter Horse
HORSE,ZZB_EQ_HORSE_UNLIST,Unlisted Horse
HORSE,ZZC_EQ_HORSE_UNSPECIFIED,Unspec.Horse
HORSE,WARMBLOOD_HORSE,Warmblood Horse
HORSE,WELSH_COB_HORSE,Welsh Cob Horse
HORSE,WELSH_MOUNTAIN_PONY,Welsh Mountain Pony
HORSE,WELSH_PONY,Welsh Pony
HORSE,WELSH-SECTION-B,Welsh Section B
HUMAN,HUMAN,Human
HUMMINGBIRD,HUMMINGBIRD,Hummingbird
IBIS,IBIS_SCARLET,Scarlet Ibis
KANGAROO,KANGAROO_RED,Red Kangaroo
KINGFISHER,KINGFISHER,Kingfisher
KITE,RED_KITE,Red Kite
KNOT,KNOT,Knot
LAPWING,LAPWING,Lapwing
LARK,ZZA_LARK_MIXED,Mixed Lark
LARK,SHORE_LARK,Shore Lark
LARK,SKYLARK,Skylark
LARK,ZZB_LARK_UNLIST,Unlisted Lark
LARK,ZZC_LARK_UNSPECIFIED,Unspec.Lark
LARK,WOODLARK,Woodlark
LINNET,LINNET,Linnet
LIZARD,COMMON_LIZARD,Common Lizard
LIZARD,GLASS_LIZARD,Glass Lizard
LIZARD,GREEN_LIZARD,Green Lizard
LIZARD,MONITOR_LIZARD,Monitor Lizard
LIZARD,OTHER_LIZARD,Other Lizard
LIZARD,SAND_LIZARD,Sand Lizard
LIZARD,SLOW_WORM,Slow Worm
LIZARD,UROMASTYX_LIZARD,Uromastyx Lizard
LIZARD,WALL_LIZARD,Wall Lizard
LLAMA,GUANACO,Guanaco
LLAMA,LLAMA,Llama
LORIKEET,LORIKEET,Lorikeet
LORY,BLACK_WINGED_LORY,Black Winged Lory
LORY,BLUE_STREAKED_LORY,Blue Streaked Lory
LORY,BLUE_THIGHED_LORY,Blue Thighed Lory
LORY,CHATTERING_LORY,Chattering Lory
LORY,EDWARDS_LORIKEET_LORY,Edwards Lorikeet Lory
LORY,FAIRY_LORIKEET_LORY,Fairy Lorikeet Lory
LORY,GREEN_NAPED_LORY,Green Naped Lory
LORY,ZZA_LORY_MIXED,Mixed Lory
LORY,MUSSCHENBROEK_LORY,Musschenbroek Lory
LORY,ORNATE_LORIKEET_LORY,Ornate Lorikeet Lory
LORY,PERFECT_LORIKEET_LORY,Perfect Lorikeet Lory
LORY,RED_FLANKED_LORIKEET_LORY,Red Flanked Lorikeet Lory
LORY,RED_SPOTTED_LORIKEET_LORY,Red Spotted Lorikeet Lory
LORY,STELLARS_LORIKEET_LORY,Stellars Lorikeet Lory
LORY,ZZB_LORY_UNLIST,Unlisted Lory
LORY,ZZC_LORY_UNSPECIFIED,Unspec.Lory
LOVEBIRD,ABYSSINIAN_LOVEBIRD,Abyssinian Lovebird
LOVEBIRD,BLUE_CHEEKED_LOVEBIRD,Blue Cheeked Lovebird
LOVEBIRD,FISCHERS_LOVEBIRD,Fischers Lovebird
LOVEBIRD,MADAGASCAN_LOVEBIRD,Madagascan Lovebird
LOVEBIRD,ZZA_LOVEBIRD_MIXED,Mixed Lovebird
LOVEBIRD,PEACH_FACED_LOVEBIRD,Peach Faced Lovebird
LOVEBIRD,ZZB_LOVEBIRD_UNLIST,Unlisted Lovebird
LOVEBIRD,ZZC_LOVEBIRD_UNSPECIFIED,Unspec.Lovebird
MACAW,BLUE_AND_GOLD_MACAW,Blue And Gold Macaw
MACAW,BLUE_AND_YELLOW_MACAW,Blue And Yellow Macaw
MACAW,BLUE_HEADED_MACAW,Blue Headed Macaw
MACAW,BRAZILIAN_GREEN_MACAW,Brazilian Green Macaw
MACAW,BUFFONS_MACAW,Buffon's Macaw
MACAW,BUFFOONS_MACAW,Buffoon's Macaw
MACAW,CASSINS_MACAW,Cassin's Macaw
MACAW,COULONS_MACAW,Coulon's Macaw
MACAW,DWARF_MACAW,Dwarf Macaw
MACAW,GLAUCUS_MACAW,Glaucus Macaw
MACAW,GOLDEN_NAPED_MACAW,Golden Naped Macaw
MACAW,GRAND_MILITARY_MACAW,Grand Military Macaw
MACAW,GREEN_WINGED_MACAW,Green Winged Macaw
MACAW,HAHNS_MACAW,Hahn's Macaw
MACAW,HARRIS_MACAW,Harris Macaw
MACAW,HYACINTHINE_MACAW,Hyacinthine Macaw
MACAW,ILLIGERS_MACAW,Illiger's Macaw
MACAW,LAFRESNAYES_MACAW,Lafresnaye's Macaw
MACAW,LEARS_MACAW,Lear's Macaw
MACAW,MILITARY_MACAW,Military Macaw
MACAW,ZZA_MACAW_MIXED,Mixed Macaw
MACAW,NOBLE_MACAW,Noble Macaw
MACAW,RED_AND_BLUE_MACAW,Red And Blue Macaw
MACAW,RED_AND_GREEN_MACAW,Red And Green Macaw
MACAW,RED_AND_YELLOW_MACAW,Red And Yellow Macaw
MACAW,RED_BELLIED_MACAW,Red Bellied Macaw
MACAW,RED_CHEEKED_MACAW,Red Cheeked Macaw
MACAW,RED_FRONTED_MACAW,Red Fronted Macaw
MACAW,RED_SHOULDERED_MACAW,Red Shouldered Macaw
MACAW,SCARLET_MACAW,Scarlet Macaw
MACAW,SEVERE_MACAW,Severe Macaw
MACAW,SPIXS_MACAW,Spix's Macaw
MACAW,ZZB_MACAW_UNLIST,Unlisted Macaw
MACAW,ZZC_MACAW_UNSPECIFIED,Unspec.Macaw
MACAW,WAGLERS_MACAW,Wagler's Macaw
MACAW,YELLOW_COLLARED_MACAW,Yellow Collared Macaw
MAMMAL_FARMED,MAM_FARMED,Mammal Farmed
MARTIN,HOUSE_MARTIN,House Martin
MARTIN,ZZA_MARTIN_MIXED,Mixed Martin
MARTIN,SAND_MARTIN,Sand Martin
MARTIN,ZZB_MARTIN_UNLIST,Unlisted Martin
MARTIN,ZZC_MARTIN_UNSPECIFIED,Unspec.Martin
MINK,MINK,Mink
MIXED_AVIAN_SPECIES,MIXED_AVIAN_SPECIES,Mixed Avian
MIXED_SPECIES_SUBMISSION,MIXED,Mixed Breed Submission
MIXED_SPECIES_SUBMISSION,MIXED_SPECIES,Mixed Species Submission
MOLE,MOLE,Mole
MONKEY,HOWLER_MONKEY,Howler Monkey
MONKEY,MACAQUE_MONKEY,Macaque Monkey
MOORHEN,MOORHEN,Common Moorhen
MOUSE,HARVEST_MOUSE,Harvest Mouse
MOUSE,HOUSE_MOUSE,House Mouse
MOUSE,WOOD_MOUSE,Wood Mouse
MOUSE,YELLOW_NECKED_MOUSE,Yellow Necked Mouse
MULE,EQ_MULE,Mule
MYNAH,CRESTED_MYNA,Crested Myna
MYNAH,HILL_MYNAH,Hill Mynah
MYNAH,ZZC_MYNAH_UNSPECIFIED,Unspec.Mynah
NEWT,ALPINE_NEWT,Alpine Newt
NEWT,GREAT_CRESTED_NEWT,Great Crested Newt
NEWT,PALMATE_NEWT,Palmate Newt
NEWT,SMOOTH_NEWT,Smooth Newt
NIGHTINGALE,NIGHTINGALE,Nightingale
NIGHTJAR,NIGHTJAR,Nightjar
NONE,NONE,None
NUTHATCH,ZZA_NUTHATCH_MIXED,Mixed Nuthatch
NUTHATCH,NUTHATCH,Nuthatch
NUTHATCH,TREECREEPER,Treecreeper
NUTHATCH,ZZB_NUTHATCH_UNLIST,Unlisted Nuthatch
NUTHATCH,ZZC_NUTHATCH_UNSPECIFIED,Unspec.Nuthatch
ORIOLE,GOLDEN_ORIOLE,Golden Oriole
ORYX,SCIMITAR-HORNED_ORYX,Scimiter-horned Oryx
OSTRICH,OSTRICH,Ostrich
OTHER,GUINEA_PIG,Guinea Pig
OTHER,MISCELLANEOUS,Miscellaneous
OTHER,ZZA_OTHER_MIXED,Mixed Other
OTHER,ZZB_OTHER_UNLIST,Unlisted Other
OTHER,ZZC_OTHER_UNSPECIFIED,Unspec.Other
OTHER_BIRDS,BLACK_BULBIL,Black Bulbil
OTHER_BIRDS,GOLDEN_FRONTED_LEAFBIRD,Golden Fronted Leafbird
OTHER_BIRDS,ZZA_OTHER_BIRDS_MIXED,Mixed Other Birds
OTHER_BIRDS,OTHER_PASSERINE,Other Passerine
OTHER_BIRDS,OTHER_WADING,Other Wading
OTHER_BIRDS,OTHER_WARBLER,Other Warbler
OTHER_BIRDS,ZZB_OTHER_BIRDS_UNLIST,Unlisted Other Birds
OTHER_BIRDS,ZZC_OTHER_BIRDS_UNSPECIFIED,Unspec.Other Birds
OTHER_CARNIVORE,AFRICAN_LION,African Lion
OTHER_CARNIVORE,CHEETAH,Cheetah
OTHER_CARNIVORE,FERRET,Ferret
OTHER_CARNIVORE,LEOPARD,Leopard
OTHER_CARNIVORE,ZZA_OTHER_CARNIVORE_MIXED,Mixed Other Carnivore
OTHER_CARNIVORE,SIBERIAN_TIGER,Siberian Tiger
OTHER_CARNIVORE,TIGER,Tiger
OTHER_CARNIVORE,ZZB_OTHER_CARNIVORE_UNLIST,Unlisted Other Carnivore
OTHER_CARNIVORE,ZZC_OTHER_CARNIVORE_UNSPECIFIE,Unspec.Other Carnivore
OTHER_ENVIRONMENT,OTH_ENVIRONMENT,Other Environment
OTHER_FISH,OTH_FISH,Other Fish
OTHER_MAMMAL,OTHER_MAMMAL,Other Mammal
OTHER_RUMINANT,ADDAX,Addax
OTHER_RUMINANT,ARABIAN_GAZELLE,Arabian Gazelle
OTHER_RUMINANT,ARABIAN_ORYX,Arabian Oryx
OTHER_RUMINANT,BARASINGHA,Barasingha
OTHER_RUMINANT,BONGO,Bongo
OTHER_RUMINANT,CHITAL,Chital
OTHER_RUMINANT,DAMA_GAZELLE,Dama Gazelle
OTHER_RUMINANT,GEMSBOK,Gemsbok
OTHER_RUMINANT,ZZA_OTHER_RUMINANT_MIXED,Mixed Other Ruminant
OTHER_RUMINANT,OKAPI,Okapi
OTHER_RUMINANT,PUDU,Pudu
OTHER_RUMINANT,SITATUNGA,Sitatunga
OTHER_RUMINANT,ZZB_OTHER_RUMINANT_UNLIST,Unlisted Other Ruminant
OTHER_RUMINANT,ZZC_OTHER_RUMINANT_UNSPECIFIED,Unspec.Other Ruminant
OTHER_RUMINANT,WATERBUCK,Waterbuck
OTHER_VEGETABLE/MINERAL,OTHER_VEG_MINERAL,Other Vegetable/Mineral
OTTER,OTTER,Otter
OWL,BARN_OWL,Barn Owl
OWL,EAGLE_OWL,Eagle Owl
OWL,LITTLE_OWL,Little owl
OWL,LONG-EARED_OWL,Long-eared Owl
OWL,MALAY_FISH_OWL,Malay Fish Owl
OWL,ZZA_OWL_MIXED,Mixed Owl
OWL,SHORT-EARED_OWL,Short-eared Owl
OWL,SNOWY_OWL,Snowy Owl
OWL,TAWNY_OWL,Tawny Owl
OWL,ZZB_OWL_UNLIST,Unlisted Owl
OWL,ZZC_OWL_UNSPECIFIED,Unspec.Owl
OYSTER_CATCHER,OYSTERCATCHER,Oystercatcher
PARAKEET,ALEXANDRINE_PARAKEET,Alexandrine Parakeet
PARAKEET,BARNARDS_PARAKEET,Barnards Parakeet
PARAKEET,BARRABAND_PARAKEET,Barraband Parakeet
PARAKEET,BLOSSOM_HEADED_PARAKEET,Blossom Headed Parakeet
PARAKEET,BLUE_BONNET_PARAKEET,Blue Bonnet Parakeet
PARAKEET,BLUE_RING_NECKED_PARAKEET,Blue Ring-Necked Parakeet
PARAKEET,BLUE_WINGED_PARAKEET,Blue Winged Parakeet
PARAKEET,BLYTHS_NICOCAR_PARAKEET,Blyth's Nicocar Parakeet
PARAKEET,BOURKES_PARAKEET,Bourke's Parakeet
PARAKEET,BUDGERIGAR_PARAKEET,Budgerigar Parakeet
PARAKEET,CHATHAM_ISL_YELL_FRONT_PARROT,Chatham Island Yellow Fronted Parakeet
PARAKEET,CINNAMON_SPLENDID_PARAKEET,Cinnamon Splendid Parakeet
PARAKEET,CLONCURRY_PARAKEET,Cloncurry Parakeet
PARAKEET,CRIMSON_ROSELLA_PARAKEET,Crimson Rosella Parakeet
PARAKEET,ELEGANT_GRASS_PARAKEET,Elegant Grass Parakeet
PARAKEET,ELEGANT_PARAKEET,Elegant Parakeet
PARAKEET,GOLD_MANTLED_ROSELLA_PARAKEET,Gold Mantled Rosella Parakeet
PARAKEET,GOLDEN_WINGED_PARAKEET,Golden Winged Parakeet
PARAKEET,GRASS_PARAKEET,Grass Parakeet
PARAKEET,GREEN_PARAKEET,Green Parakeet
PARAKEET,GREEN_RUMPED_PARROTLET_PARAKEE,Green Rumped Parrotlet Parakeet
PARAKEET,KAKARIKI_PARAKEET,Kakariki Parakeet
PARAKEET,KORO_ISLAND_PARAKEET,Koro Island Parakeet
PARAKEET,LAYARDS_PARAKEET,Layard's Parakeet
PARAKEET,LINEOLATED_PARAKEET,Lineolated Parakeet
PARAKEET,LITTLE_MALAY_PARAKEET,Little Malay Parakeet
PARAKEET,LONG_TAIL_BLYTH_NICAB_PARAKEET,Long Tailed Blyth's Nicabar Parakeet
PARAKEET,LONG_TAILED_PARAKEET,Long Tailed Parakeet
PARAKEET,LORD_DERBYS_PARAKEET,Lord Derby's Parakeet
PARAKEET,MALABAR_PARAKEET,Malabar Parakeet
PARAKEET,MALACCAN_RED_CHEEKED_PARAKEET,Malaccan Red Cheeked Parakeet
PARAKEET,MALAYAN_PARAKEET,Malayan Parakeet
PARAKEET,MALLEE_RINGNECK_PARAKEET,Mallee Ringneck Parakeet
PARAKEET,MANY_COLOURED_PARAKEET,Many Coloured Parakeet
PARAKEET,MASKED_PARAKEET,Masked Parakeet
PARAKEET,MEALY_ROSELLA_PARAKEET,Mealy Rosella Parakeet
PARAKEET,MIXED_PARAKEET,Mixed Parakeet
PARAKEET,ZZA_PARAKEET_MIXED,Mixed Parakeet
PARAKEET,MONK_PARAKEET,Monk Parakeet
PARAKEET,MOUNT_RORAIMA_PARAKEET,Mount Roraima Parakeet
PARAKEET,MOUNTAIN_LOWRY_PARAKEET,Mountain Lowry Parakeet
PARAKEET,MOUNTAIN_PARAKEET,Mountain Parakeet
PARAKEET,MOUSTACHE_PARAKEET,Moustache Parakeet
PARAKEET,MUSK_MAROON_PARAKEET,Musk Maroon Parakeet
PARAKEET,NARETHA_PARAKEET,Naretha Parakeet
PARAKEET,NEW_ZEALAND_PARAKEET,New Zealand Parakeet
PARAKEET,NIGHT_PARAKEET,Night Parakeet
PARAKEET,NORFOLK_ISLAND_PARAKEET,Norfolk Island Parakeet
PARAKEET,NORTH_PARAKEET,North Parakeet
PARAKEET,ORANGE_CHINNED_PARAKEET,Orange Chinned Parakeet
PARAKEET,ORANGE_FLANKED_PARAKEET,Orange Flanked Parakeet
PARAKEET,ORANGE_FRONTED_PARAKEET,Orange Fronted Parakeet
PARAKEET,ORANGE_WINGED_PARAKEET,Orange Winged Parakeet
PARAKEET,PARADISE_PARAKEET,Paradise Parakeet
PARAKEET,PARROTLET_PARAKEET,Parrotlet Parakeet
PARAKEET,PENNANTS_PARAKEET,Pennant's Parakeet
PARAKEET,PILEATED_PARAKEET,Pileated Parakeet
PARAKEET,PLUM_HEADED_PARAKEET,Plum Headed Parakeet
PARAKEET,PORT_LINCOLN_PARAKEET,Port Lincoln Parakeet
PARAKEET,PORT_STANLEY_PARAKEET,Port Stanley Parakeet
PARAKEET,PRINCESS_OF_WALES_PARAKEET,Princess Of Wales Parakeet
PARAKEET,QUAKER_PARAKEET,Quaker Parakeet
PARAKEET,RED_CAPPED_PARAKEET,Red Capped Parakeet
PARAKEET,RED_FRONTED_PARAKEET,Red Fronted Parakeet
PARAKEET,RED_RUMPED_PARAKEET,Red Rumped Parakeet
PARAKEET,RED_SHINING_PARAKEET,Red Shining Parakeet
PARAKEET,RING_NECKED_PARAKEET,Ring Necked Parakeet
PARAKEET,RINGED-NECKED_PARAKEET,Ringed-necked parakeet
PARAKEET,ROCK_PEBBLER_PARAKEET,Rock Pebbler Parakeet
PARAKEET,ROSE_RINGED_PARAKEET,Rose Ringed Parakeet
PARAKEET,ROSELLA_PARAKEET,Rosella Parakeet
PARAKEET,ROSY_HEADED_PARAKEET,Rosy Headed Parakeet
PARAKEET,RUFOUS_FRONTED_PARAKEET,Rufous Fronted Parakeet
PARAKEET,SIERRA_PARAKEET,Sierra Parakeet
PARAKEET,SILVER_CRESTED_PARAKEET,Silver Crested Cockatoo
PARAKEET,SLENDER_BILLED_PARAKEET,Slender Billed Parakeet
PARAKEET,SLIGHT_BILLED_PARAKEET,Slight Billed Parakeet
PARAKEET,SPINIFEX_PARAKEET,Spinifex Parakeet
PARAKEET,SPLENDID_GRASS_PARAKEET,Splendid Grass Parakeet
PARAKEET,SPLENDID_PARAKEET,Splendid Parakeet
PARAKEET,STANLEY_PARAKEET,Stanley Parakeet
PARAKEET,SUPERB_PARAKEET,Superb Parakeet
PARAKEET,SWAINSONS_PARAKEET,Swainsons Parakeet
PARAKEET,SWAMP_PARAKEET,Swamp Parakeet
PARAKEET,SWIFT_PARAKEET,Swift Parakeet
PARAKEET,TABUAN_PARAKEET,Tabuan Parakeet
PARAKEET,TAHITI_PARAKEET,Tahiti Parakeet
PARAKEET,TASMANIAN_ROSELLA_PARAKEET,Tasmanian Rosella Parakeet
PARAKEET,TAVINI_PARAKEET,Tavini Parakeet
PARAKEET,TEPUI_PARAKEET,Tepui Parakeet
PARAKEET,THICK_BILL_PARAKEET,Thick Billed Parakeet
PARAKEET,TOVI_PARAKEET,Tovi Parakeet
PARAKEET,TUI_PARAKEET,Tui Parakeet
PARAKEET,TURQUOISINE_PARAKEET,Turquoisine Parakeet
PARAKEET,TWENTY_EIGHT_PARROT_PARAKEET,Twenty Eight Parrot Parakeet
PARAKEET,TYTLERS_PARAKEET,Tytler's Parakeet
PARAKEET,UNIFORM_PARAKEET,Uniform Parakeet
PARAKEET,ZZB_PARAKEET_UNLIST,Unlisted Parakeet
PARAKEET,ZZC_PARAKEET_UNSPECIFIED,Unspec.Parakeet
PARAKEET,WHITE_WINGED_PARAKEET,White Winged Parakeet
PARAKEET,YELLOW_BELLIED_PARAKEET,Yellow Bellied Parakeet
PARAKEET,YELLOW_COLLARED_PARAKEET,Yellow Collared Parakeet
PARAKEET,YELLOW_FACED_PARAKEET,Yellow Faced Parakeet
PARAKEET,YELLOW_FRONTED_PARAKEET,Yellow Fronted Parakeet
PARAKEET,YELLOW_NAPED_PARAKEET,Yellow Naped Parakeet
PARAKEET,YELLOW_ROSELLA_PARAKEET,Yellow Rosella Parakeet
PARAKEET,YELLOW_RUMPED_PARAKEET,Yellow Rumped Parakeet
PARAKEET,YELLOW_WINGED_PARAKEET,Yellow Winged Parakeet
PARROT,ABYSSINIAN_PARROT,Abyssinian Parrot
PARROT,AFRICAN_GREY_PARROT,African Grey Parrot
PARROT,AFRICAN_RINGNECK_PARROT,African Ringneck Parrot
PARROT,ALL_GREEN_AMAZON_PARROT,All Green Amazon Parrot
PARROT,AMAZON_PARROT,Amazon Parrot
PARROT,AMBOINA_KING_PARROT,Amboina King Parrot
PARROT,ANTBED_PARROT,Antbed Parrot
PARROT,ARU_BLACK_HEADED_FANTEE_PARROT,Aru Black Headed Fantee Parrot
PARROT,ARU_DOUBLE_EYED_DWARF_PARROT,Aru Double Eyed Dwarf Parrot
PARROT,ARU_ECLECT_PARROT,Aru Eclect Parrot
PARROT,AUBRYS_RED_CROWNED_PARROT,Aubry's Red Crowned Parrot
PARROT,AUGUST_AMAZON_PARROT,August Amazon Parrot
PARROT,AUSTRALIAN_GROUND_PARROT,Australian Ground Parrot
PARROT,BARRABANDS_PARROT,Barraband's Parrot
PARROT,BEAUTIFUL_PARROT,Beautiful Parrot
PARROT,BECCARIS_PIGMY_PARROT,Beccari's Pygmy Parrot
PARROT,BLACK_BACKED_PARROTLET,Black Backed Parrotlet
PARROT,BLACK_BILLED_JAM_AMAZON_PARROT,Black Billed Jamaican Amazon Parrot
PARROT,BLACK_CHEEKED_FANTEE_PARROT,Black Cheeked Fantee Parrot
PARROT,BLACK_EARED_PARROT,Black Eared Parrot
PARROT,BLACK_HEADED_CIAQUE_PARROT,Black Headed Ciaque Parrot
PARROT,BLACK_WINGED_PARROTLET,Black Winged Parrotlet
PARROT,BLUE_BROWED_FANTEE_PARROT,Blue Browed Fantee Parrot
PARROT,BLUE_CHEEKED_AMAZON_PARROT,Blue Cheeked Amazon Parrot
PARROT,BLUE_COLLARED_PARROT,Blue Collared Parrot
PARROT,BLUE_CROWNED_GREEN_PARROT,Blue Crowned Green Parrot
PARROT,BLUE_CROWNED_HANGING_PARROT,Blue Crowned Hanging Parrot
PARROT,BLUE_FACED_AMAZON_PARROT,Blue Faced Amazon Parrot
PARROT,BLUE_FACED_DOMIN_AMAZON_PARROT,Blue Faced Dominican Amazon Parrot
PARROT,BLUE_FRONTED_AMAZON_PARROT,Blue Fronted Amazon Parrot
PARROT,BLUE_FRONTED_PARROTLET,Blue Fronted Parrotlet
PARROT,BLUE_GREEN_PARROT,Blue Green Parrot
PARROT,BLUE_HEADED_PARROT,Blue Headed Parrot
PARROT,BLUE_HEADED_PIONUS_PARROT,Blue Headed Pionus Parrot
PARROT,BLUE_HOODED_PARROT,Blue Hooded Parrot
PARROT,BLUE_MASKED_AMAZON_PARROT,Blue Masked Amazon Parrot
PARROT,BLUE_MOUNTAIN_PARROT,Blue Mountain Parrot
PARROT,BLUE_PIONUS_PARROT,Blue Pionus Parrot
PARROT,BLUE_ROSELLA_PARROT,Blue Rosella Parrot
PARROT,BLUE_RUMPED_PARROT,Blue Rumped Parrot
PARROT,BLUE_WINGED_PARROT,Blue Winged Parrot
PARROT,BLUE_WINGED_PARROTLET,Blue Winged Parrotlet
PARROT,BODINS_AMAZON_PARROT,Bodin's Amazon Parrot
PARROT,BOGOTA_PARROT,Bogota Parrot
PARROT,BONAPARTES_PARROT,Bonaparte's Parrot
PARROT,BOUQUETS_AMAZON_PARROT,Bouquet's Amazon Parrot
PARROT,BRAZILIAN_CIAQUE_PARROT,Brazilian Ciaque Parrot
PARROT,BRAZILIAN_GREEN_AMAZON_PARROT,Brazilian Green Amazon Parrot
PARROT,BREHMS_GROUND_PARROT,Brehm's Ground Parrot
PARROT,BRONZE_WINGED_PARROT,Bronze Winged Parrot
PARROT,BROWN_HEADED_PARROT,Brown Headed Parrot
PARROT,BROWN_HOODED_PARROT,Brown Hooded Parrot
PARROT,BROWN_NECKED_PARROT,Brown Necked Parrot
PARROT,BROWN_PARROT,Brown Parrot
PARROT,BROWN_SHOULDERED_PARROTLET,Brown Shouldered Parrotlet
PARROT,BRUIJNS_RED_HEAD_PIGMY_PARROT,Bruijn's Red Headed Pygmy Parrot
PARROT,BURU_RACKET_TAILED_PARROT,Buru Racket Tailed Parrot
PARROT,BURU_RACTAIL_PARROT,Buru Ractail Parrot
PARROT,CAICA_PARROT,Caica Parrot
PARROT,CAPE_PARROT,Cape Parrot
PARROT,CEAR_BLUE_WINGED_PARROTLET,Cear Blue Winged Parrotlet
PARROT,CELESTRIAL_PARROTLET,Celestrial Parrotlet
PARROT,CHATHAM_ISL_REDFRONPAR_PARROT,Chatham Island Redfronpar Parrot
PARROT,CLONCURRY_PARROT,Cloncurry Parrot
PARROT,COLUMBIAN_AMAZON_PARROT,Columbian Amazon Parrot
PARROT,CONCEALED_YELLOW_PARROT,Concealed Yellow Parrot
PARROT,CONGO_RED_CROWNED_PARROT,Congo Red Crowned Parrot
PARROT,CONURE_PARROT,Conure Parrot
PARROT,CORAL_BILLED_PARROT,Coral Billed Parrot
PARROT,COST_RICAN_AMAZON_PARROT,Costa Rican Amazon Parrot
PARROT,COXENS_FANTEE_PARROT,Coxen's Fantee Parrot
PARROT,CRESTED_PARROT,Crested Parrot
PARROT,CRIMSON_ROSELLA_PARROT,Crimson Rosella Parrot
PARROT,CRIMSON_SPOTTED_RACTAIL_PARROT,Crimson Spotted Ractail Parrot
PARROT,CRIMSON_WINGED_PARROT,Crimson Winged Parrot
PARROT,CUBAN_AMAZON_PARROT,Cuban Amazon Parrot
PARROT,DALBERTISS_FANTEE_PARROT,D'Albertis's Fantee Parrot
PARROT,DEMARESTS_DWARF_PARROT,Demarest's Dwarf Parrot
PARROT,DIADEMED_AMAZON_PARROT,Diademed Amazon Parrot
PARROT,DOMINICAN_AMAZON_PARROT,Dominican Amazon Parrot
PARROT,DOREY_PIGMY_PARROT,Dorey Pygmy Parrot
PARROT,DOUBLE_EYED_DWARF_PARROT,Double Eyed Dwarf Parrot
PARROT,DOUBLE_EYED_FANTEE_PARROT,Double Eyed Fantee Parrot
PARROT,DOUBLE_YELLOW_FR_AMAZON_PARROT,Double Yellow Fronted Amazon Parrot
PARROT,DOUBLE_YELLOW_HD_AMAZON_PARROT,Double Yellow Headed Amazon Parrot
PARROT,DUFRESNES_AMAZON_PARROT,Dufresne's Amazon Parrot
PARROT,DUSKY_HEADED_CONURE_PARROT,Dusky Headed Conure Parrot
PARROT,DUSKY_PARROT,Dusky Parrot
PARROT,DWARF_FANTEE_PARROT,Dwarf Fantee Parrot
PARROT,DWARF_PARROT,Dwarf Parrot
PARROT,EASTERN_ROSELLA_PARROT,Eastern Rosella Parrot
PARROT,ECLECTUS_PARROT,Eclectus Parrot
PARROT,ELDOMA_RED_HEADED_PARROT,Eldoma Red Headed Parrot
PARROT,ELEGANT_PARROT,Elegant  Parrot
PARROT,FANTEE_PARROT,Fantee  Parrot
PARROT,FESTIVE_AMAZON_PARROT,Festive Amazon Parrot
PARROT,FINSCHS_AMAZON_PARROT,Finsch's Amazon Parrot
PARROT,FINSCHS_PIGMY_PARROT,Finsch's Pygmy Parrot
PARROT,FIRETAILED_MUNIA,Firetailed Munia
PARROT,FUERTESS_PARROT,Fuertes's Parrot
PARROT,GEELVINK_BAY_PIGMY_PARROT,Geelvink Bay Pygmy Parrot
PARROT,GEOFFROYS_PARROT,Geoffroy's Parrot
PARROT,GOLD_COAST_ORANGE_CROWN_PARROT,Gold Coast Orange Crowned Parrot
PARROT,GOLD_CROWNED_AMAZON_PARROT,Gold Crowned Amazon Parrot
PARROT,GOLDEN_HEADED_FANTEE_PARROT,Golden Headed Fantee Parrot
PARROT,GOLDEN_MANTLED_ROSELLA_PARROT,Golden Mantled Rosella Parrot
PARROT,GOLDEN_NAPED_AMAZON_PARROT,Golden Naped Amazon Parrot
PARROT,GOLDEN_PARAKEETS_PARROT,Golden Parakeets Parrot
PARROT,GOLDEN_TAILED_PARROTLET,Golden Tailed Parrotlet
PARROT,GRAND_ECLECT_PARROT,Grand Eclect Parrot
PARROT,GREAT_BILLED_PARROT,Great Billed Parrot
PARROT,GREATER_VASA_PARROT,Greater Vasa Parrot
PARROT,GREEN_CHEEKED_AMAZON_PARROT,Green Cheeked Amazon Parrot
PARROT,GREEN_HEADED_AMAZON_PARROT,Green Headed Amazon Parrot
PARROT,GREEN_LEEK_PARROT,Green Leek Parrot
PARROT,GREEN_ROSELLA_PARROT,Green Rosella Parrot
PARROT,GREEN_SENEGAL_PARROT,Green Senegal Parrot
PARROT,GREEN_THIGHED_PARROT,Green Thighed Parrot
PARROT,GREEN_WINGED_KING_PARROT,Green Winged King Parrot
PARROT,GREEN_WINGED_PARROT,Green Winged Parrot
PARROT,GREY_HEADED_PARROT,Grey Headed  Parrot
PARROT,GREY_NAPE_AMAZON_PARROT,Grey Naped Amazon Parrot
PARROT,GREY_PARROT,Grey Parrot
PARROT,GROUND_PARROT,Ground Parrot
PARROT,GUAIABERO_PARROT,Guaiabero Parrot
PARROT,GUATEMALAN_AMAZON_PARROT,Guatemalan Amazon Parrot
PARROT,GUIANA_PARROTLET,Guiana Parrotlet
PARROT,GUILDINGS_AMAZON_PARROT,Guilding's Amazon Parrot
PARROT,HANGING_PARROT,Hanging Parrot
PARROT,HAWK_HEADED_PARROT,Hawk Headed Parrot
PARROT,HISPANIOLAN_AMAZON_PARROT,Hispaniolan Amazon Parrot
PARROT,HOODED_PARROT,Hooded Parrot
PARROT,HORNED_PARROT,Horned Parrot
PARROT,HUETS_PARROTLET,Huet's Parrotlet
PARROT,HYACINTHINE_PARROT,Hyacinthine  Parrot
PARROT,IMPERIAL_AMAZON_PARROT,Imperial Amazon Parrot
PARROT,INDIAN_RINGNECK_PARROT,Indian Ringneck Parrot
PARROT,INDIAN_ROCK_PARROT,Indian Rock Parrot
PARROT,INDIGO_WRINGED_PARROT,Indigo Wringed Parrot
PARROT,JARDINES_PARROT,Jardine's Parrot
PARROT,JENDAYA_CONURE_PARROT,Jendaya Conure Parrot
PARROT,KAKA_PARROT,Kaka  Parrot
PARROT,KAKAPO_PARROT,Kakapo Parrot
PARROT,KAKARIKI_PARROT,Kakariki Parrot
PARROT,KANO_YEL_VENTED_SENEGAL_PARROT,Kano Yellow Vented Senegal Parrot
PARROT,KEA_PARROT,Kea Parrot
PARROT,KEI_ISLANDS_PIGMY_PARROT,Kei Islands Pygmy Parrot
PARROT,KING_PARROT,King Parrot
PARROT,LESSER_VASA_PARROT,Lesser Vasa  Parrot
PARROT,LESSONS_AMAZON_PARROT,Lesson's Amazon Parrot
PARROT,LESSONS_PARROTLET,Lesson's Parrotlet
PARROT,LEVAILLANTS_PARROT,Levaillant's  Parrot
PARROT,LEVAILLANTS_AMAZON_PARROT,Levaillant's Amazon Parrot
PARROT,LILAC_COLLAR_PARROT,Lilac Collared Parrot
PARROT,LILAC_CROWNED_AMAZON_PARROT,Lilac Crowned Amazon Parrot
PARROT,LILAC_TAILED_PARROTLET,Lilac Tailed Parrotlet
PARROT,LILACINE_AMAZON_PARROT,Lilacine Amazon Parrot
PARROT,LITTLE_DUSKY_PARROT,Little Dusky Parrot
PARROT,LITTLE_MALAY_PARROT,Little Malay Parrot
PARROT,LITTLE_PIGMY_PARROT,Little Pygmy Parrot
PARROT,LUZON_RACTAIL_PARROT,Luzon Ractail Parrot
PARROT,MACAW_PARROT,Macaw Parrot
PARROT,MACLEAYS_FANTEE_PARROT,Macleay's Fantee Parrot
PARROT,MALAY_BLUE_RUMPED_PARROT,Malay Blue Rumped Parrot
PARROT,MALLEE_PARROT,Mallee Parrot
PARROT,MALLEE_RINGNECK_PARROT,Mallee Ringneck Parrot
PARROT,MANOKWARI_PIGMY_PARROT,Manokwari Pygmy Parrot
PARROT,MARAJC_YELLOW_HD_AMAZON_PARROT,Marajc Yellow Headed Amazon Parrot
PARROT,MARCHALLS_FANTEE_PARROT,Marchall's Fantee Parrot
PARROT,MASAI_RED_HEADED_PARROT,Masai Red Headed Parrot
PARROT,MASSENAS_PARROT,Massena's Parrot
PARROT,MAXIMILIANS_PARROT,Maximilian's Parrot
PARROT,MEALY_AMAZON_PARROT,Mealy Amazon Parrot
PARROT,MEALY_ROSELLA_PARROT,Mealy Rosella Parrot
PARROT,MEEKS_PIGMY_PARROT,Meek's Pygmy Parrot
PARROT,MERCENARY_AMAZON_PARROT,Mercenary Amazon Parrot
PARROT,MERIDA_PARROTLET,Merida Parrotlet
PARROT,MEXICAN_PARROTLET,Mexican Parrotlet
PARROT,MEXICAN_YELLOW_H_AMAZON_PARROT,Mexican Yellow Headed Amazon Parrot
PARROT,MEYERS_PARROT,Meyer's Parrot
PARROT,MIXED_PARROT,Mixed Parrot
PARROT,ZZA_PARROT_MIXED,Mixed Parrot
PARROT,MODEST_GROUND_PARROT,Modest Ground Parrot
PARROT,MORTON_BAY_ROSELLA_PARROT,Morton Bay Rosella Parrot
PARROT,MOUNT_MADA_RACTAIL_PARROT,Mount Mada Ractail Parrot
PARROT,MOUNT_VICTORIA_GROUND_PARROT,Mount Victoria Ground Parrot
PARROT,MULGA_PARROT,Mulga Parrot
PARROT,MULLERS_BLUE_BACKED_PARROT,Muller's Blue Backed Parrot
PARROT,NATTERERS_AMAZON_PARROT,Natterer's Amazon Parrot
PARROT,NEW_BRITAIN_YELLOW_HEAD_PARROT,New Britain Yellow Headed Parrot
PARROT,NEW_CALEDONIAN_REDFRONP_PARROT,New Caledonian Redfronpar Parrot
PARROT,NEW_IRELAND_YELLOW_HEAD_PARROT,New Ireland Yellow Headed Parrot
PARROT,NEW_ZEALAND_KAKAPO_PARROT,New Zealand Kakapo Parrot
PARROT,NEW_ZEALAND_REDFRONPAR_PARROT,New Zealand Redfronpar Parrot
PARROT,NIAM_NIAM_PARROT,Niam Niam Parrot
PARROT,NORTH_ROSELLA_PARROT,Northern Rosella Parrot
PARROT,NORTH_YELLOW_BANDED_PARROT,Northern Yellow Banded Parrot
PARROT,ORANGE_BELLIED_PARROT,Orange Bellied Parrot
PARROT,ORANGE_BELLIED_SENEGAL_PARROT,Orange Bellied Senegal Parrot
PARROT,ORANGE_CHEEKED_PARROT,Orange Cheecked Parrot
PARROT,ORANGE_FRONTED_PARROT,Orange Fronted Parrot
PARROT,ORANGE_WINGED_AMAZON_PARROT,Orange Winged Amazon Parrot
PARROT,OWL_PARROT,Owl Parrot
PARROT,PAINTED_GROUND_PARROT,Painted Ground Parrot
PARROT,PALE_HEADED_ROSELLA_PARROT,Pale Headed Rosella Parrot
PARROT,PANAMA_AMAZON_PARROT,Panama Amazon Parrot
PARROT,PASCOE_RIVER_ECLECT_PARROT,Pascoe River Eclect Parrot
PARROT,PESQUETS_PARROT,Pesquet's Parrot
PARROT,PHILIPPINE_GREEN_PARROT,Philippine Green Parrot
PARROT,PHILIPPINE_RACTAIL_PARROT,Philippine Ractail Parrot
PARROT,PILEATED_PARROT,Pileated Parrot
PARROT,PIONUS_PARROT,Pionus Parrot
PARROT,PLAIN_COLOURED_AMAZON_PARROT,Plain Coloured Amazon Parrot
PARROT,PRETRE_AMAZON_PARROT,Pretre's Amazon Parrot
PARROT,PRINCESS_OF_WALES_PARROT,Princess of Wales Parrot
PARROT,PRINCESS_PARROT,Princess Parrot
PARROT,PUERTO_RICO_AMAZON_PARROT,Puerto Rico Amazon Parrot
PARROT,PURPLE_BREASTED_PARROT,Purple Breasted Parrot
PARROT,PURPLE_GUYANA_PARROTLET,Purple Guyana Parrotlet
PARROT,PIGMY_PARROT,Pygmy Parrot
PARROT,QUEEN_ALEXANDRAS_PARROT,Queen Alexandra's Parrot
PARROT,RACKET_TAILED_PARROT,Racket Tailed Parrot
PARROT,RED_BACKED_AMAZON_PARROT,Red Backed Amazon Parrot
PARROT,RED_BACKED_PARROT,Red Backed Parrot
PARROT,RED_BELLIED_PARROT,Red Bellied Parrot
PARROT,RED_BREAST_MAROON_MUSK_PARROT,Red Breasted Maroon Musk Parrot
PARROT,RED_BREASTED_PARROT,Red Breasted Parrot
PARROT,RED_BROWED_FANTEE_PARROT,Red Browed Fantee Parrot
PARROT,RED_CAPPED_AMAZON_PARROT,Red Capped Amazon Parrot
PARROT,RED_CHEEKED_PARROT,Red Cheeked Parrot
PARROT,RED_EARED_PARROT,Red Eared Parrot
PARROT,RED_FACED_PARROT,Red Faced Parrot
PARROT,RED_FAN_PARROT,Red Fan Parrot
PARROT,RED_FRONTED_AMAZON_PARROT,Red Fronted Amazon Parrot
PARROT,RED_LORED_AMAZON_PARROT,Red Lored Amazon Parrot
PARROT,RED_LORY_PARROT,Red Lory Parrot
PARROT,RED_NECKED_AMAZON_PARROT,Red Necked Amazon Parrot
PARROT,RED_ROSELLA_PARROT,Red Rosella Parrot
PARROT,RED_SIDED_ECLECT_PARROT,Red Sided Eclect Parrot
PARROT,RED_SIDED_PARROT,Red Sided Parrot
PARROT,RED_SPECTACLED_AMAZON_PARROT,Red Spectacled Amazon Parrot
PARROT,RED_TAILED_AMAZON_PARROT,Red Tailed Amazon Parrot
PARROT,RED_THROAT_JAM_AMAZON_PARROT,Red Throated Jamaican Amazon Parrot
PARROT,RED_TOPPED_AMAZON_PARROT,Red Topped Amazon Parrot
PARROT,RED_VENTED_PARROT,Red Vented Parrot
PARROT,RED_VENTED_SENEGAL_PARROT,Red Vented Senegal Parrot
PARROT,RED_WINGED_PARROT,Red Winged Parrot
PARROT,RED_WINGED_PARROTLET,Red Winged Parrotlet
PARROT,RED_RUMPED_PARROT,Redrump Parrot
PARROT,REGENT_PARROT,Regent Parrot
PARROT,RENNELL_PARROT,Rennell Parrot
PARROT,RESTLESS_PARROT,Restless Parrot
PARROT,ROCK_ELEGANT_PARROT,Rock Elegant Parrot
PARROT,ROCK_PEBBLER_PARROT,Rock Pebbler Parrot
PARROT,ROCKY_RIVER_PARROT,Rocky River Parrot
PARROT,ROTHSCHILDS_AMAZON_PARROT,Rothschild's Amazon Parrot
PARROT,RUPPELLS_PARROT,Ruppell's Parrot
PARROT,RUSTY_FACED_PARROT,Rusty Faced Parrot
PARROT,SAFFRON_HEADED_PARROT,Saffron Headed Parrot
PARROT,SALAWATI_KING_PARROT,Salawati King Parrot
PARROT,SALLAS_AMAZON_PARROT,Salla's Amazon Parrot
PARROT,SALVADORIS_FANTEE_PARROT,Salvadori's Fantee Parrot
PARROT,SALVADORIS_GREEN_PARROT,Salvadori's Green Parrot
PARROT,SALVINS_AMAZON_PARROT,Salvin's Amazon Parrot
PARROT,SAN_DOMINGO_AMAZON_PARROT,San Domingo Amazon Parrot
PARROT,SAPPHIRE_RUMPED_PARROTLET,Sapphire Rumped Parrotlet
PARROT,SCALEY_HEADED_PARROT,Scaley Headed Parrot
PARROT,SCARLET_BELLIED_SENEGAL_PARROT,Scarlet Bellied Senegal Parrot
PARROT,SCARLET_FRONTED_FANTEE_PARROT,Scarlet Fronted Fantee Parrot
PARROT,SCARLET_LORED_AMAZON_PARROT,Scarlet Lored Amazon Parrot
PARROT,SCLATERS_PARROTLET,Sclater's Parrotlet
PARROT,SCOPOLIS_PARROTLET,Scopoli's Parrotlet
PARROT,SENEGAL_MEYERS_PARROTS_PARROT,Senegal And Meyer's Parrots Parrot
PARROT,SENEGAL_PARROT,Senegal Parrot
PARROT,SEVEN_COLOURED_PARROTLET,Seven Coloured Parrotlet
PARROT,SHOA_PARROT,Shoa Parrot
PARROT,SHORT_TAILED_PARROT,Short Tailed Parrot
PARROT,SMOKER_PARROT,Smoker Parrot
PARROT,SMUTTY_PARROT,Smutty Parrot
PARROT,SOLOMON_ISLANDS_ECLECT_PARROT,Solomon Islands Eclect Parrot
PARROT,SORDID_PARROT,Sordid Parrot
PARROT,SOUTH_ISLAND_KAKA_PARROT,South Island Kaka Parrot
PARROT,SOUTHERN_FANTEE_PARROT,Southern Fantee Parrot
PARROT,SOUTHERN_MEALY_ROSELLA_PARROT,Southern Mealy Rosella Parrot
PARROT,SOUTHERN_PALE_HEAD_ROS_PARROT,Southern Pale Headed Rosella Parrot
PARROT,SPECTACLED_AMAZON_PARROT,Spectacled Amazon Parrot
PARROT,SPECTACLED_PARROTLET,Spectacled Parrotlet
PARROT,SPLENDID_ROSELLA_PARROT,Splendid Rosella Parrot
PARROT,SPOTTED_WINGED_PARROTLET,Spotted Winged Parrotlet
PARROT,ST_LUCIA_AMAZON_PARROT,St. Lucia Amazon Parrot
PARROT,ST_VINCENT_AMAZON_PARROT,St. Vincent Amazon Parrot
PARROT,SULA_KING_PARROT,Sula King Parrot
PARROT,SUPERB_PARROT,Superb Parrot
PARROT,SWIFT_PARROT,Swift Parrot
PARROT,TANGANYKA_BROWN_HEADED_PARROT,Tanganyika Brown Headed Parrot
PARROT,TASMANIAN_EASTERN_ROSE_PARROT,Tasmanian Eastern Rosella Parrot
PARROT,TASMANIAN_ROSELLA_PARROT,Tasmanian Rosella Parrot
PARROT,THICK_BILLED_PARROT,Thick Billed Parrot
PARROT,TIMNEH_GREY_PARROT,Timnehj Grey Parrot
PARROT,TRUE_PARROT,True Parrot
PARROT,TSCHUDIS_PARROT,Tschudi's Parrot
PARROT,TSCHUDIS_AMAZON_PARROT,Tschudi'ss Amazon Parrot
PARROT,TUCUMAN_AMAZON_PARROT,Tucuman Amazon Parrot
PARROT,TURQUOISE_PARROT,Turquoise Parrot
PARROT,TURQUOISE_RUMPED_PARROTLET,Turquoise Rumped Parrotlet
PARROT,ZZB_PARROT_UNLIST,Unlisted Parrot
PARROT,ZZC_PARROT_UNSPECIFIED,Unspec.Parrot
PARROT,UVEA_ISLAND_CRESTED_PARROT,Uvea Island Crested Parrot
PARROT,VERSICOLOR_AMAZON_PARROT,Versicolor Amazon Parrot
PARROT,VINACEOUS_AMAZON_PARROT,Vinaceous Amazon Parrot
PARROT,VIOLACEOUS_PARROT,Violaceous Parrot
PARROT,VIOLET_BELLIED_PARROT,Violet Bellied Parrot
PARROT,VIOLET_PARROT,Violet Parrot
PARROT,VULTURINE_PARROT,Vulturine Parrot
PARROT,WESTERN_GOLD_HEAD_DWARF_PARROT,Western Golden Headed Dwarf Parrot
PARROT,WESTERN_GOLD_HEAD_FANTE_PARROT,Western Golden Headed Fantee Parrot
PARROT,WESTERN_ROSELLA_PARROT,Western Rosella Parrot
PARROT,WHITE_BROWED_AMAZON_PARROT,White Browed Amazon Parrot
PARROT,WHITE_CAPPED_PARROT,White Capped Parrot
PARROT,WHITE_CROWNED_PARROT,White Crowned Parrot
PARROT,WHITE_FRONTED_AMAZON_PARROT,White Fronted Amazon Parrot
PARROT,WIEDS_PARROTLET,Wied's Parrotlet
PARROT,YELLOW_BELIED_SENAGAL_PARROT,Yellow Bellied Senegal Parrot
PARROT,YELLOW_BILLED_JAMA_AMAZ_PARROT,Yellow Billed Jamaican Amazon Parrot
PARROT,YELLOW_BREASTED_MAR_MUS_PARROT,Yellow Breasted Maroon Musk Parrot
PARROT,YELLOW_CHEAKED_AMAZON_PARROT,Yellow Cheeked Amazon Parrot
PARROT,YELLOW_CHEAKED_ROSELLA_PARROT,Yellow Cheeked Rosella Parrot
PARROT,YELLOW_CROWNED_AMAZON_PARROT,Yellow Crowned Amazon Parrot
PARROT,YELLOW_FACED_AMAZON_PARROT,Yellow Faced Amazon Parrot
PARROT,YELLOW_FRONTED_AMAZON_PARROT,Yellow Fronted Amazon Parrot
PARROT,YELLOW_HEADED_AMAZON_PARROT,Yellow Headed Amazon Parrot
PARROT,YELLOW_LORED_AMAZON_PARROT,Yellow Lored Amazon Parrot
PARROT,YELLOW_NAPED_AMAZON_PARROT,Yellow Naped Amazon Parrot
PARROT,YELLOW_ROSELLA_PARROT,Yellow Rosella Parrot
PARROT,YELLOW_SHOULDER_AMAZON_PARROT,Yellow Shouldered Amazon Parrot
PARROT,YELLOW_VENTED_SENEGAL_PARROT,Yellow Vented Senegal Parrot
PARROT,YELLOW_WINGED_AMAZON_PARROT,Yellow Winged Amazon Parrot
PARROT,ZONED_PARROT,Zoned Parrot
PARTRIDGE,CYPRUS_ROCK_PARTRIDGE,Cyprus Rock Partridge
PARTRIDGE,GREY_PARTRIDGE,Grey Partridge
PARTRIDGE,ZZA_PARTRIDGE_MIXED,Mixed Partridge
PARTRIDGE,PARTRIDGE,Partridge
PARTRIDGE,RED-LEGGED_PARTRIDGE,Red Legged Partridge
PARTRIDGE,ZZB_PARTRIDGE_UNLIST,Unlisted Partridge
PARTRIDGE,ZZC_PARTRIDGE_UNSPECIFIED,Unspec.Partridge
PEAFOWL,CONGO_PEAFOWL,Congo Peafowl
PEAFOWL,GREEN_PEAFOWL,Green Peafowl
PEAFOWL,INDIAN_PEAFOWL,Indian Peafowl
PEAFOWL,ZZC_PEAFOWL_UNSPECIFIED,Unspec.Peafowl
PENGUIN,ADELIE_PENGUIN,Adelie Penguin
PENGUIN,AFRICAN_PENGUIN,African Penguin
PENGUIN,CHINSTRAP_PENGUIN,Chinstrap Penguin
PENGUIN,EMPEROR_PENGUIN,Emperor Penguin
PENGUIN,ERECT_CRESTED_PENGUIN,Erect Crested Penguin
PENGUIN,ERECT-CRESTED_PENGUIN,Erect-crested Penguin
PENGUIN,FIORDLAND_PENGUIN,Fiordland Penguin
PENGUIN,GALAPAGOS_PENGUIN,Galapagos Penguin
PENGUIN,GENTOO_PENGUIN,Gentoo Penguin
PENGUIN,HUMBOLDT_PENGUIN,Humboldt Penguin
PENGUIN,JACKASS_PENGUIN,Jackass Penguin
PENGUIN,KING_PENGUIN,King Penguin
PENGUIN,LITTLE_PENGUIN,Little Penguin
PENGUIN,MACARONI_PENGUIN,Macaroni Penguin
PENGUIN,MAGELLANIC_PENGUIN,Megellanic Penguin
PENGUIN,ZZA_PENGUIN_MIXED,Mixed Penguin
PENGUIN,ROCKHOPPER_PENGUIN,Rockhopper Penguin
PENGUIN,ROYAL_PENGUIN,Royal Penguin
PENGUIN,SNARES_PENGUIN,Snares Penguin
PENGUIN,ZZB_PENGUIN_UNLIST,Unlisted Penguin
PENGUIN,ZZC_PENGUIN_UNSPECIFIED,Unspec.Penguin
PENGUIN,YELLOW_EYED_PENGUIN,Yellow-Eyed Penguin
PENGUIN,YELLOW-EYED_PENGUIN,Yellow-eyed Penguin
PETREL,EUROPEAN_STORM-PETREL,European Storm-petrel
PHALAROPE,GREY_PHALAROPE,Grey Phalarope
PHALAROPE,ZZA_PHALAROPE_MIXED,Mixed Phalarope
PHALAROPE,RED-NECKED_PHALAROPE,Red-necked Phalarope
PHALAROPE,ZZB_PHALAROPE_UNLIST,Unlisted Phalarope
PHALAROPE,ZZC_PHALAROPE_UNSPECIFIED,Unspec.Phalarope
PHEASANT,BORNEAN_PEACOCK_PHEASANT,Bornean Peacock Pheasant
PHEASANT,CHINESE_PHEASANT,Chinese Pheasant
PHEASANT,EDWARDS_PHEASANT,Edwards Pheasant
PHEASANT,GOLDEN_PHEASANT,Golden Pheasant
PHEASANT,ZZA_PHEASANT_MIXED,Mixed Pheasant
PHEASANT,PALAWAN_PEACOCK_PHEASANT,Palawan Peacock Pheasant
PHEASANT,PALAWAN_PHEASANT,Palawan Pheasant
PHEASANT,PHEASANT,Pheasant
PHEASANT,ZZB_PHEASANT_UNLIST,Unlisted Pheasant
PHEASANT,ZZC_PHEASANT_UNSPECIFIED,Unspec.Pheasant
PIG,AMERICAN_LANDRACE_SWINE,American Landrace Swine
PIG,ANGELN_SADDLEBACK,Angeln Saddleback
PIG,BALDINGER_SPOTTED,Baldinger Spotted
PIG,BARBARUSA,Barbarusa
PIG,BARBIRUS,Barbirus
PIG,BENTHEIM_BLACK_AND_WHITE,Bentheim Black And White
PIG,BERKSHIRE_SWINE,Berkshire Swine
PIG,CHESTER_WHITE_SWINE,Chester White Swine
PIG,DUROC-X,Duroc - X
PIG,DUROC_SWINE,Duroc Swine
PIG,GERMAN_CORNWALL,German Cornwall
PIG,GLOUCESTER_OLD_SPOT,Gloucester Old Spot
PIG,GLOUCESTER_OLD_SPOT_X,Gloucester Old Spot X
PIG,GOTTINGEN_MINI,Gottingen Mini
PIG,HAMPSHIRE,Hampshire
PIG,HAMPSHIRE_SWINE,Hampshire Swine
PIG,HEREFORD_SWINE,Hereford Swine
PIG,IMPROVED,Improved
PIG,LANDRACE,Landrace
PIG,LANDRACE_BELGIAN_LANDRACE,Landrace Belgian Landrace
PIG,LARGE_WHITE,Large White
PIG,LARGE_WHITE_X_LANDRACE,Large White Cross Landrace
PIG,LARGE_WHITE-X,Large White X
PIG,MANGALITZA_WOOL,Mangalitza Wool
PIG,ZZA_PIG_MIXED,Mixed Pig
PIG,MUNICH_MINIATURE,Munich Miniature
PIG,PECCARY,Peccary
PIG,PIATRAIN,Piatrain
PIG,POLAND_CHINA_SWINE,Poland China Swine
PIG,POT_BELLIED,Pot Bellied
PIG,PYGMY,Pygmy
PIG,SADDLEBACK,Saddleback
PIG,SCHWEBISCH_HALL,Schwebisch Hall
PIG,TAMWORTH_SWINE,Tamworth Swine
PIG,ZZB_PIG_UNLIST,Unlisted Pig
PIG,ZZC_PIG_UNSPECIFIED,Unspec.Pig
PIG,VIETNAMESE_POT-BELLIED,Vietnamese Pot-bellied
PIG,WART_HOG,Wart Hog
PIG,YORKSHIRE_SWINE,Yorkshire Swine
PIGEON,BLUE_CRESTED_PIGEON,Blue Crested Pigeon
PIGEON,BRUNNER_POUTER_PIGEON,Brunner Pouter Pigeon
PIGEON,CHALCAPHAPS-INDICA,Chalcaphaps Indica
PIGEON,COLLARED_DOVE,Collared Dove
PIGEON,COMMON_CROWNED_PIGEON,Common Crowned Pigeon
PIGEON,DIAMOND_DOVE,Diamond Dove
PIGEON,DIAMOND_DOVE_PIGEON,Diamond Dove Pigeon
PIGEON,DOVE_PIGEON,Dove Pigeon
PIGEON,FANCY_PIGEON,Fancy Pigeon
PIGEON,FANTAIL_PIGEON,Fantail Pigeon
PIGEON,FERAL_PIGEON_OR_ROCK_DOVE,Feral Pigeon or Rock Dove
PIGEON,FLYING_TIPPLERS,Flying Tipplers Pigeon
PIGEON,FRUIT_DOVE_PIGEON,Fruit Dove Pigeon
PIGEON,GREEN_IMPERIAL_PIGEON,Green Imperial Pigeon
PIGEON,GREEN-WINGED-DOVE,Green Winged / Emerald Dove
PIGEON,JAVA_DOVE_PIGEON,Java Dove Pigeon
PIGEON,MARCHENERO_POUTER,Marchenero Pouter Pigeon
PIGEON,MAURITIUS_PINK_PIGEON,Mauritius Pink Pigeon
PIGEON,MERRILS_FRUIT_PIGEON,Merrils Fruit Pigeon
PIGEON,ZZA_PIGEON_MIXED,Mixed Pigeon
PIGEON,MUFF_TUMBLER_PIGEON,Muff Tumbler Pigeon
PIGEON,PALM_DOVE,Palm Dove
PIGEON,PARLOUR_PIGEON,Parlour Pigeon
PIGEON,PIED_IMPERIAL_PIGEON,Pied Imperial Pigeon
PIGEON,RACING_PIGEON,Racing Pigeon
PIGEON,RINGED_DOVE_PIGEON,Ringed Dove Pigeon
PIGEON,ROLLER_PIGEON,Roller Pigeon
PIGEON,TIPPLER,Tippler
PIGEON,TUMBLER_PIGEON,Tumbler Pigeon
PIGEON,ZZB_PIGEON_UNLIST,Unlisted Pigeon
PIGEON,ZZC_PIGEON_UNSPECIFIED,Unspec.Pigeon
PIGEON,WOOD_DOVE_PIGEON,Wood Dove Pigeon
PIGEON,WOOD_PIGEON,Wood Pigeon
PINE_MARTEN,PINE_MARTEN,Pine Marten
PIPIT,MEADOW_PIPIT,Meadow Pipit
PIPIT,ZZA_PIPIT_MIXED,Mixed Pipit
PIPIT,ROCK_PIPIT,Rock Pipit
PIPIT,TREE_PIPIT,Tree Pipit
PIPIT,ZZB_PIPIT_UNLIST,Unlisted Pipit
PIPIT,ZZC_PIPIT_UNSPECIFIED,Unspec.Pipit
PLOVER,BLACK_FRONTED_PLOVER,Black Fronted Plover
PLOVER,GOLDEN_PLOVER,Golden Plover
PLOVER,GREY_PLOVER,Grey Plover
PLOVER,KENTISH_PLOVER,Kentish Plover
PLOVER,LITTLE_RINGED_PLOVER,Little Ringed Plover
PLOVER,ZZA_PLOVER_MIXED,Mixed Plover
PLOVER,RED_KNEED_DOTTEREL,Red-Kneed Dotterel
PLOVER,RINGED_PLOVER,Ringed Plover
PLOVER,SPUR_WINGED_PLOVER,Spur-winged Plover
PLOVER,ZZB_PLOVER_UNLIST,Unlisted Plover
PLOVER,ZZC_PLOVER_UNSPECIFIED,Unspec.Plover
POLECAT,POLECAT,Polecat
PORPOISE,COMMON_PORPOISE,Common Porpoise
PUFFIN,PUFFIN,Puffin
QUAIL,CHINESE_PAINTED_QUAIL,Chinese Painted Quail
QUAIL,CHINESE_QUAIL,Chinese Quail
QUAIL,ZZA_QUAIL_MIXED,Mixed Quail
QUAIL,QUAIL,Quail
QUAIL,ZZB_QUAIL_UNLIST,Unlisted Quail
QUAIL,ZZC_QUAIL_UNSPECIFIED,Unspec.Quail
RABBIT,RABBIT,Rabbit
RAIL,WATER_RAIL,Water Rail
RAT,BLACK_RAT,Black Rat
RAT,BROWN_RAT,Brown Rat
RAZORBILL,RAZORBILL,Razorbill
RED_BIRD_OF_PARADISE,RED_BIRD_PARADISE,Red Bird of Paradise
REDPOLL,REDPOLL,Redpoll
REDSHANK,ZZA_REDSHANK_MIXED,Mixed Redshank
REDSHANK,REDSHANK,Redshank
REDSHANK,SPOTTED_REDSHANK,Spotted Redshank
REDSHANK,ZZB_REDSHANK_UNLIST,Unlisted Redshank
REDSHANK,ZZC_REDSHANK_UNSPECIFIED,Unspec.Redshank
REDSTART,BLACK_REDSTART,Black Redstart
REDSTART,ZZA_REDSTART_MIXED,Mixed Redstart
REDSTART,REDSTART,Redstart
REDSTART,ZZB_REDSTART_UNLIST,Unlisted Redstart
REDSTART,ZZC_REDSTART_UNSPECIFIED,Unspec.Redstart
REPTILE/AMPHIBIAN,BEARDED_DRAGON,Bearded Dragon
REPTILE/AMPHIBIAN,CALYNON_ALLIGATOR,Calynon Alligator
REPTILE/AMPHIBIAN,EGYPTIAN_TORTOISE,Egyptian Tortoise
REPTILE/AMPHIBIAN,EYED_LIZARD,Eyed Lizard
REPTILE/AMPHIBIAN,GECKO,Gecko
REPTILE/AMPHIBIAN,HOUSE_GECKO,House Gecko
REPTILE/AMPHIBIAN,LIZARD,Lizard
REPTILE/AMPHIBIAN,ZZA_REPTILE_AMPHIBIAN_MIXED,Mixed Reptile/Amphibian
REPTILE/AMPHIBIAN,NEWT,Newt
REPTILE/AMPHIBIAN,SKINK,Skink
REPTILE/AMPHIBIAN,TORTOISE,Tortoise
REPTILE/AMPHIBIAN,ZZB_REPTILE_AMPHIBIAN_UNLIST,Unlisted Reptile/Amphibian
REPTILE/AMPHIBIAN,ZZC_REPTILE_AMPHIBIAN_UNSPECIF,Unspec.Reptile/Amphibian
RHEA,RHEA,Rhea
ROBIN,ROBIN,Robin
ROLLER,ZZC_ROLLER_UNSPECIFIED,Unspec.Roller
RUFF,RUFF,Ruff
SANDERLING,SANDERLING,Sanderling
SANDPIPER,COMMON_SANDPIPER,Common Sandpiper
SANDPIPER,CURLEW_SANDPIPER,Curlew Sandpiper
SANDPIPER,GREEN_SANDPIPER,Green Sandpiper
SANDPIPER,GREENSHANK,Greenshank
SANDPIPER,ZZA_SANDPIPER_MIXED,Mixed Sandpiper
SANDPIPER,PURPLE_SANDPIPER,Purple Sandpiper
SANDPIPER,SHARP_TAILED_SAND_PIPER,Sharp Tailed Sand Piper
SANDPIPER,SPOON_BILLED_SANDPIPER,Spoon Billed Sandpiper
SANDPIPER,ZZB_SANDPIPER_UNLIST,Unlisted Sandpiper
SANDPIPER,ZZC_SANDPIPER_UNSPECIFIED,Unspec.Sandpiper
SANDPIPER,WOOD_SANDPIPER,Wood Sandpiper
SEAL,BEARDED_SEAL,Bearded Seal
SEAL,COMMON_SEAL,Common Seal
SEAL,GREY_SEAL,Grey Seal
SEAL,HARP_SEAL,Harp Seal
SEAL,HOODED_SEAL,Hooded Seal
SEAL,RINGED_SEAL,Ringed Seal
SEAL,WALRUS,Walrus
SHAG,SHAG,Shag
SHEARWATER,MANX_SHEARWATER,Manx Shearwater
SHEEP,BELTEX_SHEEP,Beltex Sheep
SHEEP,BELTEX_SHEEP_X,Beltex Sheep X
SHEEP,BENTHEIM_LAND,Bentheim Land
SHEEP,BENTHEIM_LAND_X,Bentheim Land X
SHEEP,BEULAH_SPECKLE,Beulah Speckle Face
SHEEP,BEULAH_SPECKLE_X,Beulah Speckle Face X
SHEEP,BLACK,Black
SHEEP,BLACK_BROWN_MOUNTAIN,Black Brown Mountain
SHEEP,BLACK_BROWN_MOUNTAIN_X,Black Brown Mountain X
SHEEP,BLACK_BROWN_WOOL_MUTTON,Black Brown Woolled Mutton
SHEEP,BLACK_BROWN_WOOL_MUTTON_X,Black Brown Woolled Mutton X
SHEEP,BLACK_HEADED_MURRON,Black Headed Murron
SHEEP,BLACK_HEADED_MURRON_X,Black Headed Murron X
SHEEP,BLACK_MILK,Black Milk
SHEEP,BLACK_MILK_X,Black Milk X
SHEEP,BLACK_X,Black X
SHEEP,BLUE_FACED_LEICESTER,Blue Faced Leicester
SHEEP,BLUE_FACED_LEICESTER_X,Blue Faced Leicester X
SHEEP,BLUE_HD_MUTT_BL_DE_MAINE,"Blue Headed Mutton, Bleu De Maine"
SHEEP,BLUE_HD_MUTT_BL_DE_MAINE_X,"Blue Headed Mutton, Bleu De Maine X"
SHEEP,BORDER_LEICESTER,Border Leicester
SHEEP,BORDER_LEICESTER_X,Border Leicester X
SHEEP,BROWN_HEADED_MUTTON,Brown Headed Mutton
SHEEP,BROWN_HEADED_MUTTON_X,Brown Headed Mutton X
SHEEP,BROWN_MOUNTAIN,Brown Mountain
SHEEP,BROWN_MOUNTAIN_X,Brown Mountain X
SHEEP,CAKIEL_POLISH_MOUNTAIN,Cakiel Polish Mountain
SHEEP,CAKIEL_POLISH_MOUNTAIN_X,Cakiel Polish Mountain X
SHEEP,CAMEROON,Cameroon
SHEEP,CARINTHIAN_SPECTACLED,Carinthian Spectacled
SHEEP,CARINTHIAN_SPECTACLED_X,Carinthian Spectacled X
SHEEP,CHAROLAIS_SHEEP_X,Charolais X
SHEEP,CHAROLLAIS_SHEEP,Charollais
SHEEP,CHAROLLAIS_X_SHEEP,Charollais Cross
SHEEP,CHEVIOT,Cheviot
SHEEP,CHEVIOT_X,Cheviot X
SHEEP,CLUN_FOREST,Clun Forest
SHEEP,CLUN_FOREST_X,Clun Forest X
SHEEP,COBURG_FOX,Coburg Fox
SHEEP,COBURG_FOX_X,Coburg Fox X
SHEEP,COLUMBIA,Columbia
SHEEP,COLUMBIA_X,Columbia X
SHEEP,CORRIEDALE,Corriedale
SHEEP,CORRIEDALE_X,Corriedale X
SHEEP,COTSWOLD,Cotswold
SHEEP,COTSWOLD_X,Cotswold X
SHEEP,DARTMOOR,Dartmoor
SHEEP,DARTMOOR_X,Dartmoor X
SHEEP,DEBOUILLET,Debouillet
SHEEP,DEBOUILLET_X,Debouillet X
SHEEP,DELAINE,Delaine
SHEEP,DELAINE_X,Delaine X
SHEEP,DERBYSHIRE_GRITSTONE,Derbyshire Gritstone
SHEEP,DERBYSHIRE_GRITSTONE_X,Derbyshire Gritstone X
SHEEP,DEVON_LONG_WOOL,Devon Long Wool
SHEEP,DEVON_LONG_WOOL_X,Devon Long Wool X
SHEEP,DOMESTIC_SHEEP,Domestic Sheep
SHEEP,DOMESTIC_SHEEP_X,Domestic Sheep X
SHEEP,DORSET,Dorset
SHEEP,DORSET_DOWN,Dorset Down
SHEEP,DORSET_DOWN_X,Dorset Down X
SHEEP,DORSET_HORN,Dorset Horn
SHEEP,DORSET_HORN_X,Dorset Horn X
SHEEP,DORSET_X,Dorset X
SHEEP,EAST_FRIESLAND_MILK,East Friesland Milk
SHEEP,EAST_FRIESLAND_MILK_X,East Friesland Milk X
SHEEP,EXMOOR_HORN,Exmoor Horn
SHEEP,EXMOOR_HORN_X,Exmoor Horn X
SHEEP,FERAL_SHEEP,Feral Sheep
SHEEP,FERAL_SHEEP_X,Feral Sheep X
SHEEP,FINNISH,Finnish
SHEEP,FINNISH_X,Finnish X
SHEEP,FINNSHEEP,Finnsheep
SHEEP,FINNSHEEP_X,Finnsheep X
SHEEP,FLEMISH,Flemish
SHEEP,FLEMISH_X,Flemish X
SHEEP,FOREST,Forest
SHEEP,FOREST_X,Forest X
SHEEP,FRIESIAN_SHEEP,Friesian
SHEEP,FRIESIAN_SHEEP_X,Friesian X
SHEEP,GOTLAND,Gotland
SHEEP,GOTLAND_X,Gotland X
SHEEP,GREY_HORNED_HEATH,Grey Horned Heath
SHEEP,GREY_HORNED_HEATH_X,Grey Horned Heath X
SHEEP,HAMPSHIRE_SHEEP,Hampshire
SHEEP,HAMPSHIRE_DOWN,Hampshire Down
SHEEP,HAMPSHIRE_DOWN_X,Hampshire Down X
SHEEP,HAMPSHIRE_SHEEP_X,Hampshire X
SHEEP,HEBRIDIAN,Hebridian
SHEEP,HEBRIDIAN_X,Hebridian X
SHEEP,HERDWICK,Herdwick
SHEEP,HERDWICK_X,Herdwick X
SHEEP,HUNGARIAN_ZACKEL_RACKA,Hungarian Zackel Racka
SHEEP,HUNGARIAN_ZACKEL_RACKA_X,Hungarian Zackel Racka X
SHEEP,JACOB,Jacob
SHEEP,JACOB_X,Jacob X
SHEEP,KARAKUL,Karakul
SHEEP,KARAKUL_X,Karakul X
SHEEP,KERRY_HILL,Kerry Hill
SHEEP,KERRY_HILL_X,Kerry Hill X
SHEEP,LAND,Land
SHEEP,LAND_X,Land X
SHEEP,LEICESTER,Leicester
SHEEP,LEICESTER_X,Leicester X
SHEEP,LEINE,Leine
SHEEP,LEINE_X,Leine X
SHEEP,LINCOLN,Lincoln
SHEEP,LINCOLN_X,Lincoln X
SHEEP,LLANWENOG,Llanwenog
SHEEP,LLANWENOG_X,Llanwenog X
SHEEP,LLEYN,Lleyn
SHEEP,LLEYN_X,Lleyn X
SHEEP,MERINO,Merino
SHEEP,MERINO_LAND,Merino Land
SHEEP,MERINO_LAND_X,Merino Land X
SHEEP,MERINO_X,Merino X
SHEEP,ZZA_SHEEP_MIXED,Mixed Sheep
SHEEP,MONTADALE,Montadale
SHEEP,MONTADALE_X,Montadale X
SHEEP,MOOR_WHITE_POLLED_HEATH,Moor White Polled Heath
SHEEP,MOOR_WHITE_POLLED_HEATH_X,Moor White Polled Heath X
SHEEP,MULE,Mule
SHEEP,MULE-X,Mule - X
SHEEP,MUTTON_MERINO,Mutton Merino
SHEEP,MUTTON_MERINO_X,Mutton Merino X
SHEEP,NORTH_COUNTRY_CHEVIOT,North Country Cheviot
SHEEP,NORTH_COUNTRY_CHEVIOT_X,North Country Cheviot X
SHEEP,OTHER_SHEEP,Other Sheep
SHEEP,OTHER_SHEEP_X,Other Sheep X
SHEEP,OXFORD,Oxford
SHEEP,OXFORD_DOWN,Oxford Down
SHEEP,OXFORD_DOWN_X,Oxford Down X
SHEEP,OXFORD_X,Oxford X
SHEEP,RAMBOUILLET,Rambouillet
SHEEP,RAMBOUILLET_X,Rambouillet X
SHEEP,RHON,Rhon
SHEEP,RHON_X,Rhon X
SHEEP,ROMANOV,Romanov
SHEEP,ROMANOV_X,Romanov X
SHEEP,ROMNEY,Romney
SHEEP,ROMNEY_MARSH,Romney Marsh
SHEEP,ROMNEY_MARSH_X,Romney Marsh X
SHEEP,ROMNEY_X,Romney X
SHEEP,ROUGE_X,Rouge Cross
SHEEP,ROUGE_L_OUEST,Rouge l'Ouest
SHEEP,ROUGE_L_OUEST_X,Rouge l'Ouest X
SHEEP,ROUGH_FELL,Rough Fell
SHEEP,ROUGH_FELL_X,Rough Fell X
SHEEP,ROUGH_WOOLLED_POMERANIAN,Rough Woolled Pomeranian
SHEEP,ROUGH_WOOLLED_POMERANIAN_X,Rough Woolled Pomeranian X
SHEEP,RYELAND,Ryeland
SHEEP,RYELAND_X,Ryeland X
SHEEP,SCOTTISH_BLACKFACE,Scottish Blackface
SHEEP,SCOTTISH_BLACKFACE_X,Scottish Blackface X
SHEEP,SHETLAND,Shetland
SHEEP,SHETLAND_X,Shetland X
SHEEP,SHROPSHIRE,Shropshire
SHEEP,SHROPSHIRE_X,Shropshire X
SHEEP,SKUDDLE,Skuddle
SHEEP,SKUDDLE_X,Skuddle X
SHEEP,SOAY,Soay
SHEEP,SOAY_X,Soay X
SHEEP,SOUTH_DEVON_SHEEP,South Devon
SHEEP,SOUTH_DEVON_SHEEP_X,South Devon X
SHEEP,SOUTHDOWN,Southdown
SHEEP,SOUTHDOWN_X,Southdown X
SHEEP,SUFFOLK,Suffolk
SHEEP,SUFFOLK_X,Suffolk Cross
SHEEP,SWALEDALE,Swaledale
SHEEP,SWALEDALE_X,Swaledale Cross
SHEEP,TARGHEE,Targhee
SHEEP,TARGHEE_X,Targhee X
SHEEP,TEXEL,Texel
SHEEP,TEXEL_X,Texel Cross
SHEEP,TUNIS,Tunis
SHEEP,TUNIS_X,Tunis X
SHEEP,TYROLEAN_STONE,Tyrolean Stone
SHEEP,TYROLEAN_STONE_X,Tyrolean Stone X
SHEEP,ZZB_SHEEP_UNLIST,Unlisted Sheep
SHEEP,ZZC_SHEEP_UNSPECIFIED,Unspec.Sheep
SHEEP,VALAIS_BLACK_NOSED,Valais Black Nosed
SHEEP,VALAIS_BLACK_NOSED_X,Valais Black Nosed X
SHEEP,VENDEEN,Vendeen
SHEEP,VENDEEN_X,Vendeen X
SHEEP,WELSH_MOUNTAIN,Welsh Mountain
SHEEP,WELSH_MOUNTAIN_X,Welsh Mountain X
SHEEP,WENSLEYDALE,Wensleydale
SHEEP,WENSLEYDALE_X,Wensleydale X
SHEEP,WHITE_ALPINE,White Alpline
SHEEP,WHITE_ALPINE_X,White Alpline X
SHEEP,WHITE_FACED_DARTMOOR,White Faced Dartmoor
SHEEP,WHITE_FACED_DARTMOOR_X,White Faced Dartmoor X
SHEEP,WHITE_HEADED_MUTTON,White Headed Mutton
SHEEP,WHITE_HEADED_MUTTON_X,White Headed Mutton X
SHEEP,WHITE_HORNED_HEATH,White Horned Heath
SHEEP,WHITE_HORNED_HEATH_X,White Horned Heath X
SHEEP,WHITE_MOUNTAIN,White Mountain
SHEEP,WHITE_MOUNTAIN_X,White Mountain X
SHEEP,WILTSHIRE_HORN,Wiltshire Horn
SHEEP,WILTSHIRE_HORN_X,Wiltshire Horn X
SHEEP,ZWARTBLES,Zwartbles
SHEEP,ZWARTBLES_X,Zwartbles X
SHREW,COMMON_SHREW,Common Shrew
SHREW,GREATER_WHITE_TOOTHED_SHREW,Greater White-Toothed Shrew
SHREW,LESSER_WHITE_TOOTHED_SHREW,Lesser White-Toothed Shrew
SHREW,OTHER_SHREW,Other Shrew
SHREW,PYGMY_SHREW,Pygmy Shrew
SHREW,WATER_SHREW,Water Shrew
SHRIKE,GREAT_GREY_SHRIKE,Great Grey Shrike
SHRIKE,ZZA_SHRIKE_MIXED,Mixed Shrike
SHRIKE,RED-BACKED_SHRIKE,Red-backed Shrike
SHRIKE,ZZB_SHRIKE_UNLIST,Unlisted Shrike
SHRIKE,ZZC_SHRIKE_UNSPECIFIED,Unspec.Shrike
SKUA,ARCTIC_SKUA,Arctic Skua
SKUA,GREAT_SKUA,Great Skua
SKUA,ZZA_SKUA_MIXED,Mixed Skua
SKUA,ZZB_SKUA_UNLIST,Unlisted Skua
SKUA,ZZC_SKUA_UNSPECIFIED,Unspec.Skua
SNAKE,ADDER,Adder
SNAKE,AESCULAPIAN_SNAKE,Aesculapian Snake
SNAKE,AMAZON_TREE_BOA,Amazon Tree Boa
SNAKE,ANGOLAN_PYTHON,Angolan Python
SNAKE,BOA_CONSTRICTOR,Boa Constrictor
SNAKE,BULL_SNAKE,Bull Snake
SNAKE,BURMESE_PYTHON,Burmese Python
SNAKE,CARPET_PYTHON,Carpet Python
SNAKE,COMMON_BOA,Common Boa
SNAKE,CORN_SNAKE,Corn Snake
SNAKE,DUMERILS-GROUND-BOA,Dumerils Ground Boa
SNAKE,EMERALD_TREE_BOA,Emerald Tree Boa
SNAKE,EYELASH_VIPER,Eyelash Palm Put Viper
SNAKE,GRASS_SNAKE,Grass Snake
SNAKE,GREEN-ANACONDA,Green Anaconda
SNAKE,JAMAICAN_BOA,Jamaican Boa
SNAKE,JUNGLE_BOA,Jungle Boa
SNAKE,KING_RAT_SNAKE,King Rat Snake
SNAKE,KINGSNAKE,Kingsnake
SNAKE,MADAGASCAR_TREE_BOA,Madagascar Tree Boa
SNAKE,MANGROVE_SNAKE,Mangrove Snake
SNAKE,MEXICAN_MILK_SNAKE,Mexican Milk Snake
SNAKE,MILK_SNAKE,Milk Snake
SNAKE,OTHER_SNAKE,Other Snake
SNAKE,PINE_SNAKE,Pine Snake
SNAKE,PYTHON,Python
SNAKE,RAINBOW_BOA,Rainbow Boa
SNAKE,RAT_SNAKE,Rat Snake
SNAKE,RATTLE_SNAKE,Rattle Snake
SNAKE,RED_TAILED_BOA,Red Tailed Boa
SNAKE,RETICULATED_PYTHON,Reticulated Python
SNAKE,ROCK_PYTHON,Rock Python
SNAKE,ROUND_ISLAND_BOA,Round Island Boa
SNAKE,ROYAL_PASTEL_PYTHON,Royal Pastel Python
SNAKE,ROYAL_PYTHON,Royal Python
SNAKE,SAVA_SNAKE,Sava Island Python
SNAKE,SMOOTH_SNAKE,Smooth Snake
SNAKE,SOLOMON_BOA,Soloman Boa
SNAKE,TAI_BEAUTY,Taiwan Beauty Rat Snake
SNAKE,TAIWANESE_RAT_SNAKE,Taiwanese Rat Snake
SNAKE,WESTERN_HOGNOSE_SNAKE,Western Hognose Snake
SNIPE,SNIPE,Snipe
SPARROW,HOUSE_SPARROW,House Sparrow
SPARROW,ZZA_SPARROW_MIXED,Mixed Sparrow
SPARROW,TREE_SPARROW,Tree Sparrow
SPARROW,ZZB_SPARROW_UNLIST,Unlisted Sparrow
SPARROW,ZZC_SPARROW_UNSPECIFIED,Unspec.Sparrow
SPOONBILL,SPOONBILL_ROSEATE,Roseate Spoonbill
SPOONBILL,SPOONBILL,Spoonbill
SQUIRREL,GREY_SQUIRREL,Grey Squirrel
SQUIRREL,RED_SQUIRREL,Red Squirrel
STARLING,STARLING,Starling
STINT,LITTLE_STINT,Little Stint
STINT,TEMMINCKS_STINT,Temminck's Stint
STOAT,STOAT,Stoat
STORK,MARABOU_STORK,Marabou Stork
STORK,YELLOW_BILLED_STORK,Yellow-billed Stork
SUNBIRD,ZZC_SUNBIRD_UNSPECIFIED,Unspec.Sunbird
SWALLOW,SWALLOW,Swallow
SWAN,BEWICK_SWAN,Bewick Swan
SWAN,BLACK_SWAN,Black Swan
SWAN,COSCOROBA_SWAN,Coscoroba Swan
SWAN,ZZA_SWAN_MIXED,Mixed Swan
SWAN,MUTE_SWAN,Mute Swan
SWAN,ZZB_SWAN_UNLIST,Unlisted Swan
SWAN,ZZC_SWAN_UNSPECIFIED,Unspec.Swan
SWAN,WHOOPER_SWAN,Whooper Swan
SWIFT,SWIFT,Swift
TERN,ARCTIC_TERN,Arctic Tern
TERN,BLACK_TERN,Black Tern
TERN,COMMON_NODDY,Common Noddy
TERN,COMMON_TERN,Common Tern
TERN,LESSER_NODDY,Lesser Noddy
TERN,LITTLE_TERN,Little Tern
TERN,ZZA_TERN_MIXED,Mixed Tern
TERN,ROSEATE_TERN,Roseate Tern
TERN,SANDWICH_TERN,Sandwich Tern
TERN,SOOTY_TERN,Sooty Tern
TERN,ZZB_TERN_UNLIST,Unlisted Tern
TERN,ZZC_TERN_UNSPECIFIED,Unspec.Tern
TERRAPIN,RED_EARED_TERRAPIN,Red-eared Terrapin
THRUSH,BLACKBIRD,Blackbird
THRUSH,FIELDFARE,Fieldfare
THRUSH,MISTLE_THRUSH,Mistle Thrush
THRUSH,ZZA_THRUSH_MIXED,Mixed Thrush
THRUSH,REDWING,Redwing
THRUSH,RING_OUZEL,Ring Ouzel
THRUSH,SONG_THRUSH,Song Thrush
THRUSH,ZZB_THRUSH_UNLIST,Unlisted Thrush
THRUSH,ZZC_THRUSH_UNSPECIFIED,Unspec.Thrush
THRUSH,YELLOW_THROATED_LAUGH_THRUSH,Yellow Throated Laughing Thrush
TIT,BEARDED_TIT,Bearded Tit
TIT,BLUE_TIT,Blue Tit
TIT,COAL_TIT,Coal Tit
TIT,CRESTED_TIT,Crested Tit
TIT,GREAT_TIT,Great Tit
TIT,LONG-TAILED_TIT,Long-tailed Tit
TIT,MARSH_TIT,Marsh Tit
TIT,ZZA_TIT_MIXED,Mixed Tit
TIT,ZZB_TIT_UNLIST,Unlisted Tit
TIT,ZZC_TIT_UNSPECIFIED,Unspec.Tit
TIT,WILLOW_TIT,Willow Tit
TOAD,CLAWED_TOAD,Clawed Toad
TOAD,COMMON_TOAD,Common Toad
TOAD,FIRE_BELLIED_TOAD,Fire_bellied Toad
TOAD,MIDWIFE_TOAD,Midwife Toad
TOAD,NATTERJACK_TOAD,Natterjack Toad
TOAD,OTHER_TOAD,Other Toad
TOUCAN,TOCO_TOUCAN,Toco Toucan
TURKEY,TURKEY,Turkey
TURNSTONE,TURNSTONE,Turnstone
TURTLE,GREEN_TURTLE,Green Turtle
TURTLE,HAWKSBILL_TURTLE,Hawksbill Turtle
TURTLE,KEMPS_RIDLEY_TURTLE,Kemp's Ridley Turtle
TURTLE,LEATHERBACK_TURTLE,Leatherback Turtle
TURTLE,LOGGERHEAD_TURTLE,Loggerhead Turtle
UNKNOWN,UNKNOWN,Unknown
UNSPECIFIED_BIRD,UNSPECIFIED_BIRD,Unspec.Bird
VOLE,BANK_VOLE,Bank Vole
VOLE,FIELD_VOLE,Field Vole
VOLE,SHORT-TAILED_VOLE,Short-Tailed Vole
VOLE,WATER_VOLE,Water Vole
VULTURE,BLACK_VULTURE,Black Vulture
VULTURE,EGYPTIAN_VULTURE,Egyptian Vulture
VULTURE,GRIFFON_VULTURE,Griffon Vulture (Eurasian Griffon Vulture )
VULTURE,KING_VULTURE,King Vulture
WAGTAIL,GREY_WAGTAIL,Grey Wagtail
WAGTAIL,ZZA_WAGTAIL_MIXED,Mixed Wagtail
WAGTAIL,PIED_WAGTAIL,Pied Wagtail
WAGTAIL,ZZB_WAGTAIL_UNLIST,Unlisted Wagtail
WAGTAIL,ZZC_WAGTAIL_UNSPECIFIED,Unspec.Wagtail
WAGTAIL,YELLOW_WAGTAIL,Yellow Wagtail
WALLABY,RED_NECKED_WALLABY,Red Necked Wallaby
WARBLER,BLACKCAP,Blackcap
WARBLER,CETTIS_WARBLER,Cetti's Warbler
WARBLER,CHIFFCHAFF,Chiffchaff
WARBLER,DARTFORD_WARBLER,Dartford Warbler
WARBLER,GARDEN_WARBLER,Garden Warbler
WARBLER,GOLDCREST,Goldcrest
WARBLER,GRASSHOPPER_WARBLER,Grasshopper Warbler
WARBLER,LESSER_WHITETHROAT,Lesser Whitethroat
WARBLER,MARSH_WARBLER,Marsh Warbler
WARBLER,ZZA_WARBLER_MIXED,Mixed Warbler
WARBLER,REED_WARBLER,Reed Warbler
WARBLER,SEDGE_WARBLER,Sedge Warbler
WARBLER,ZZB_WARBLER_UNLIST,Unlisted Warbler
WARBLER,ZZC_WARBLER_UNSPECIFIED,Unspec.Warbler
WARBLER,WHITETHROAT,Whitethroat
WARBLER,WILLOW_WARBLER,Willow Warbler
WARBLER,WOOD_WARBLER,Wood Warbler
WAXWING,WAXWING,Waxwing
WEASEL,WEASEL,Weasel
WHALE,BLUE_WHALE,Blue Whale
WHALE,BOTTLE_NOSED_WHALE,Bottle-Nosed Whale
WHALE,COMMON_RORQUAL_WHALE,Common Roqual or Fin Whale
WHALE,CUVIERS_BEAKED_WHALE,Cuvier's Beaked Whale
WHALE,FALSE_KILLER_WHALE,False Killer Whale
WHALE,HUMPBACK_WHALE,Humpback Whale
WHALE,KILLER_WHALE,Killer Whale or Grampus
WHALE,LESSER_RORQUAL_WHALE,Lesser Rorqual or Pike Whale
WHALE,NARWHAL,Narwhal
WHALE,PILOT_WHALE,Pilot Whale
WHALE,RIGHT_WHALE,Right_Whale
WHALE,SEI_WHALE,Sei Whale
WHALE,SOWERBYS_WHALE,Sowerby's Whale
WHALE,SPERM_WHALE,Sperm Whale
WHALE,TRUES_BEAKED_WHALE,True's Beaked Whale
WHALE,WHITE_WHALE,White Whale or Beluga
WHEATEAR,WHEATEAR,Wheatear
WILD_BOAR,WILD_BOAR,Wild Boar
WILDCAT,WILDCAT,Wildcat
WOLF,WOLF,Wolf
WOODCOCK,WOODCOCK,Woodcock
WOODPECKER,GREAT_SPOTTED_WOODPECKER,Great Spotted Woodpecker
WOODPECKER,GREEN_WOODPECKER,Green Woodpecker
WOODPECKER,LESSER_SPOTTED_WOODPECKER,Lesser Spotted Woodpecker
WOODPECKER,ZZA_WOODPECKER_MIXED,Mixed Woodpecker
WOODPECKER,ZZB_WOODPECKER_UNLIST,Unlisted Woodpecker
WOODPECKER,ZZC_WOODPECKER_UNSPECIFIED,Unspec.Woodpecker
WOODPECKER,WRYNECK,Wryneck
WREN,WREN,Wren
